<?xml version="1.0" encoding="UTF-8"?>
<kml xmlns="http://www.opengis.net/kml/2.2">
<Document>
<name>Drone flight</name>
<description></description>
<Style id="red">
  <LineStyle>
    <color>ff0000ff</color>
    <width>2.0</width>
  </LineStyle>
</Style>
<Style id="green">
  <LineStyle>
    <color>ff00ff00</color>
    <width>2.0</width>
  </LineStyle>
</Style>
<Style id="blue">
  <LineStyle>
    <color>ffff0000</color>
    <width>2.0</width>
  </LineStyle>
</Style>
<Style id="cyan">
  <LineStyle>
    <color>ffffff00</color>
    <width>2.0</width>
  </LineStyle>
</Style>
<Style id="yellow">
  <LineStyle>
    <color>ff00ffff</color>
    <width>2.0</width>
  </LineStyle>
</Style>
<Style id="grey">
  <LineStyle>
    <color>ff888888</color>
    <width>2.0</width>
  </LineStyle>
</Style>
<Style id="orange">
  <LineStyle>
    <color>ff00a5ff</color>
    <width>2.0</width>
  </LineStyle>
</Style>
<Style id="purple">
  <LineStyle>
    <color>ffal20f0</color>
    <width>2.0</width>
  </LineStyle>
</Style>
<Style id="green_poly">
  <LineStyle>
    <color>ff00aa00</color>
    <width>2.0</width>
  </LineStyle>
  <PolyStyle>
    <color>2000cc00</color>
  </PolyStyle>
</Style>
<Style id="yellow_poly">
  <LineStyle>
    <color>ff0000ff</color>
    <width>2.0</width>
  </LineStyle>
  <PolyStyle>
    <color>2000ffff</color>
  </PolyStyle>
</Style>
<Style id="red_poly">
  <LineStyle>
    <color>ff0000ff</color>
    <width>2.0</width>
  </LineStyle>
  <PolyStyle>
    <color>120000ff</color>
  </PolyStyle>
</Style>
<Style id="orange_poly">
  <LineStyle>
    <color>ff00a5ff</color>
    <width>2.0</width>
  </LineStyle>
  <PolyStyle>
    <color>1200a5ff</color>
  </PolyStyle>
</Style>
<Style id="purple_poly">
  <LineStyle>
    <color>ffa020f0</color>
    <width>2.0</width>
  </LineStyle>
  <PolyStyle>
    <color>10a020f0</color>
  </PolyStyle>
</Style>
<Placemark>
<name>Flight track</name>
<description></description>
<styleUrl>#blue</styleUrl>
<LineString>
<altitudeMode>absolute</altitudeMode>
<coordinates>
010.43140616,55.36445628,15.2
010.43140613,55.36445620,15.2
010.43140606,55.36445617,15.2
010.43140605,55.36445621,15.2
010.43140620,55.36445634,15.2
010.43140615,55.36445628,15.2
010.43140638,55.36445646,15.2
010.43140650,55.36445661,15.2
010.43140621,55.36445631,15.2
010.43140618,55.36445630,15.2
010.43140623,55.36445625,15.2
010.43140609,55.36445576,15.1
010.43140597,55.36445551,15.1
010.43140666,55.36445650,15.3
010.43140653,55.36445638,15.2
010.43140634,55.36445634,15.2
010.43140595,55.36445605,15.2
010.43140537,55.36445556,15.1
010.43140531,55.36445564,15.1
010.43140553,55.36445578,15.2
010.43140562,55.36445580,15.2
010.43140569,55.36445585,15.1
010.43140590,55.36445597,15.2
010.43140593,55.36445601,15.2
010.43140552,55.36445537,15.1
010.43140558,55.36445564,15.1
010.43140552,55.36445572,15.1
010.43140567,55.36445587,15.2
010.43140574,55.36445581,15.1
010.43140568,55.36445574,15.1
010.43140560,55.36445578,15.1
010.43140567,55.36445582,15.1
010.43140573,55.36445583,15.1
010.43140562,55.36445576,15.1
010.43140582,55.36445596,15.2
010.43140584,55.36445597,15.2
010.43140582,55.36445600,15.2
010.43140591,55.36445595,15.2
010.43140589,55.36445590,15.2
010.43140587,55.36445595,15.2
010.43140581,55.36445599,15.2
010.43140587,55.36445596,15.1
010.43140585,55.36445593,15.2
010.43140580,55.36445596,15.2
010.43140582,55.36445598,15.2
010.43140576,55.36445600,15.2
010.43140577,55.36445599,15.2
010.43140582,55.36445599,15.2
010.43140584,55.36445598,15.2
010.43140580,55.36445599,15.2
010.43140580,55.36445599,15.2
010.43140584,55.36445597,15.2
010.43140587,55.36445597,15.2
010.43140581,55.36445598,15.2
010.43140582,55.36445595,15.2
010.43140589,55.36445601,15.2
010.43140586,55.36445603,15.2
010.43140587,55.36445599,15.2
010.43140586,55.36445603,15.2
010.43140584,55.36445604,15.2
010.43140588,55.36445606,15.2
010.43140596,55.36445608,15.2
010.43140592,55.36445607,15.2
010.43140582,55.36445606,15.2
010.43140580,55.36445600,15.2
010.43140578,55.36445598,15.2
010.43140562,55.36445602,15.2
010.43140569,55.36445623,15.2
010.43140576,55.36445602,15.2
010.43140595,55.36445622,15.2
010.43140569,55.36445599,15.2
010.43140578,55.36445598,15.2
010.43140530,55.36445569,15.1
010.43140540,55.36445567,15.1
010.43140588,55.36445606,15.2
010.43140576,55.36445589,15.2
010.43140585,55.36445605,15.2
010.43140575,55.36445593,15.2
010.43140589,55.36445595,15.2
010.43140597,55.36445588,15.2
010.43140570,55.36445620,15.2
010.43140524,55.36445592,15.2
010.43140561,55.36445619,15.2
010.43140567,55.36445613,15.2
010.43140538,55.36445594,15.2
010.43140587,55.36445623,15.2
010.43140586,55.36445622,15.2
010.43140582,55.36445614,15.2
010.43140532,55.36445576,15.2
010.43140530,55.36445575,15.2
010.43140523,55.36445573,15.2
010.43140533,55.36445583,15.2
010.43140537,55.36445585,15.2
010.43140534,55.36445581,15.2
010.43140529,55.36445579,15.2
010.43140611,55.36445646,15.2
010.43140610,55.36445643,15.2
010.43140613,55.36445642,15.2
010.43140612,55.36445637,15.2
010.43140610,55.36445634,15.2
010.43140611,55.36445634,15.2
010.43140612,55.36445639,15.2
010.43140613,55.36445630,15.2
010.43140612,55.36445628,15.2
010.43140607,55.36445623,15.2
010.43140611,55.36445629,15.2
010.43140608,55.36445629,15.2
010.43140611,55.36445642,15.2
010.43140611,55.36445640,15.2
010.43140611,55.36445638,15.2
010.43140609,55.36445639,15.2
010.43140608,55.36445638,15.2
010.43140607,55.36445636,15.2
010.43140605,55.36445636,15.2
010.43140607,55.36445639,15.2
010.43140612,55.36445630,15.2
010.43140611,55.36445630,15.2
010.43140625,55.36445641,15.2
010.43140609,55.36445628,15.2
010.43140614,55.36445624,15.2
010.43140610,55.36445626,15.2
010.43140604,55.36445627,15.2
010.43140601,55.36445629,15.2
010.43140604,55.36445627,15.2
010.43140609,55.36445626,15.2
010.43140611,55.36445628,15.2
010.43140611,55.36445631,15.2
010.43140611,55.36445630,15.2
010.43140611,55.36445629,15.2
010.43140607,55.36445630,15.2
010.43140607,55.36445632,15.2
010.43140605,55.36445627,15.2
010.43140610,55.36445629,15.2
010.43140605,55.36445627,15.2
010.43140608,55.36445627,15.2
010.43140608,55.36445625,15.2
010.43140615,55.36445629,15.2
010.43140614,55.36445629,15.2
010.43140611,55.36445628,15.2
010.43140610,55.36445628,15.2
010.43140614,55.36445628,15.2
010.43140614,55.36445626,15.2
010.43140614,55.36445626,15.2
010.43140614,55.36445630,15.2
010.43140609,55.36445624,15.2
010.43140611,55.36445629,15.2
010.43140613,55.36445629,15.2
010.43140615,55.36445629,15.2
010.43140613,55.36445630,15.2
010.43140613,55.36445630,15.2
010.43140612,55.36445628,15.2
010.43140608,55.36445630,15.2
010.43140606,55.36445625,15.2
010.43140609,55.36445626,15.2
010.43140612,55.36445626,15.2
010.43140611,55.36445628,15.2
010.43140611,55.36445630,15.2
010.43140612,55.36445632,15.2
010.43140611,55.36445629,15.2
010.43140608,55.36445628,15.2
010.43140606,55.36445630,15.2
010.43140603,55.36445627,15.2
010.43140611,55.36445632,15.2
010.43140623,55.36445636,15.3
010.43140624,55.36445636,15.3
010.43140609,55.36445630,15.2
010.43140607,55.36445627,15.2
010.43140600,55.36445624,15.2
010.43140611,55.36445630,15.2
010.43140611,55.36445628,15.2
010.43140601,55.36445620,15.2
010.43140602,55.36445623,15.2
010.43140603,55.36445625,15.2
010.43140603,55.36445625,15.2
010.43140604,55.36445624,15.2
010.43140601,55.36445627,15.2
010.43140608,55.36445630,15.2
010.43140611,55.36445630,15.2
010.43140608,55.36445629,15.2
010.43140609,55.36445631,15.2
010.43140610,55.36445629,15.2
010.43140613,55.36445630,15.2
010.43140611,55.36445633,15.2
010.43140611,55.36445632,15.2
010.43140603,55.36445629,15.2
010.43140602,55.36445625,15.2
010.43140607,55.36445627,15.2
010.43140614,55.36445632,15.2
010.43140613,55.36445631,15.2
010.43140615,55.36445632,15.2
010.43140616,55.36445634,15.2
010.43140614,55.36445634,15.2
010.43140614,55.36445632,15.2
010.43140613,55.36445632,15.2
010.43140613,55.36445634,15.2
010.43140611,55.36445626,15.2
010.43140605,55.36445624,15.2
010.43140605,55.36445627,15.2
010.43140607,55.36445627,15.2
010.43140608,55.36445625,15.2
010.43140608,55.36445624,15.2
010.43140606,55.36445625,15.2
010.43140609,55.36445625,15.2
010.43140608,55.36445626,15.2
010.43140607,55.36445627,15.2
010.43140604,55.36445626,15.2
010.43140605,55.36445623,15.2
010.43140612,55.36445625,15.2
010.43140612,55.36445624,15.2
010.43140608,55.36445629,15.2
010.43140621,55.36445623,15.2
010.43140611,55.36445628,15.2
010.43140607,55.36445627,15.2
010.43140610,55.36445620,15.2
010.43140611,55.36445624,15.2
010.43140609,55.36445631,15.2
010.43140611,55.36445629,15.2
010.43140613,55.36445628,15.2
010.43140612,55.36445628,15.2
010.43140602,55.36445634,15.2
010.43140613,55.36445629,15.2
010.43140611,55.36445627,15.2
010.43140602,55.36445630,15.2
010.43140599,55.36445632,15.2
010.43140614,55.36445629,15.3
010.43140612,55.36445629,15.3
010.43140610,55.36445627,15.3
010.43140605,55.36445631,15.2
010.43140604,55.36445631,15.2
010.43140597,55.36445630,15.2
010.43140601,55.36445632,15.2
010.43140603,55.36445634,15.2
010.43140602,55.36445632,15.2
010.43140604,55.36445633,15.2
010.43140613,55.36445631,15.2
010.43140610,55.36445632,15.2
010.43140613,55.36445630,15.2
010.43140614,55.36445629,15.2
010.43140610,55.36445630,15.2
010.43140607,55.36445631,15.2
010.43140610,55.36445633,15.2
010.43140604,55.36445630,15.2
010.43140606,55.36445630,15.2
010.43140610,55.36445634,15.2
010.43140613,55.36445633,15.2
010.43140613,55.36445633,15.2
010.43140612,55.36445633,15.2
010.43140613,55.36445632,15.2
010.43140608,55.36445630,15.2
010.43140609,55.36445628,15.2
010.43140611,55.36445632,15.2
010.43140614,55.36445634,15.2
010.43140613,55.36445632,15.2
010.43140609,55.36445629,15.2
010.43140611,55.36445628,15.2
010.43140606,55.36445629,15.2
010.43140603,55.36445631,15.2
010.43140606,55.36445627,15.2
010.43140602,55.36445627,15.2
010.43140602,55.36445629,15.2
010.43140606,55.36445629,15.2
010.43140610,55.36445629,15.3
010.43140603,55.36445631,15.2
010.43140600,55.36445627,15.2
010.43140603,55.36445627,15.2
010.43140610,55.36445627,15.2
010.43140610,55.36445629,15.2
010.43140605,55.36445631,15.2
010.43140607,55.36445634,15.3
010.43140609,55.36445632,15.3
010.43140603,55.36445631,15.3
010.43140605,55.36445628,15.3
010.43140604,55.36445627,15.3
010.43140599,55.36445632,15.2
010.43140603,55.36445633,15.3
010.43140607,55.36445633,15.2
010.43140601,55.36445631,15.2
010.43140604,55.36445630,15.2
010.43140606,55.36445632,15.2
010.43140609,55.36445634,15.2
010.43140604,55.36445633,15.2
010.43140604,55.36445632,15.2
010.43140606,55.36445629,15.2
010.43140610,55.36445629,15.2
010.43140606,55.36445630,15.2
010.43140604,55.36445631,15.2
010.43140605,55.36445630,15.2
010.43140606,55.36445628,15.2
010.43140608,55.36445632,15.2
010.43140605,55.36445633,15.2
010.43140607,55.36445636,15.2
010.43140604,55.36445631,15.2
010.43140598,55.36445628,15.2
010.43140601,55.36445630,15.2
010.43140604,55.36445631,15.2
010.43140609,55.36445632,15.2
010.43140614,55.36445632,15.2
010.43140614,55.36445633,15.2
010.43140612,55.36445628,15.2
010.43140607,55.36445628,15.2
010.43140609,55.36445630,15.2
010.43140610,55.36445631,15.2
010.43140610,55.36445628,15.2
010.43140610,55.36445626,15.2
010.43140610,55.36445628,15.2
010.43140608,55.36445627,15.2
010.43140607,55.36445628,15.2
010.43140610,55.36445631,15.2
010.43140615,55.36445632,15.2
010.43140612,55.36445629,15.2
010.43140610,55.36445626,15.2
010.43140608,55.36445626,15.2
010.43140608,55.36445626,15.2
010.43140610,55.36445629,15.2
010.43140609,55.36445630,15.2
010.43140613,55.36445628,15.2
010.43140613,55.36445627,15.2
010.43140610,55.36445625,15.2
010.43140611,55.36445625,15.2
010.43140612,55.36445629,15.2
010.43140613,55.36445628,15.2
010.43140610,55.36445627,15.2
010.43140613,55.36445628,15.2
010.43140610,55.36445628,15.2
010.43140607,55.36445631,15.2
010.43140613,55.36445627,15.2
010.43140615,55.36445628,15.3
010.43140611,55.36445626,15.2
010.43140614,55.36445626,15.2
010.43140614,55.36445627,15.2
010.43140608,55.36445628,15.2
010.43140613,55.36445626,15.3
010.43140609,55.36445627,15.2
010.43140608,55.36445627,15.2
010.43140607,55.36445629,15.2
010.43140610,55.36445629,15.2
010.43140612,55.36445630,15.3
010.43140609,55.36445628,15.3
010.43140605,55.36445629,15.2
010.43140607,55.36445631,15.2
010.43140611,55.36445633,15.2
010.43140610,55.36445629,15.3
010.43140608,55.36445631,15.2
010.43140614,55.36445632,15.2
010.43140614,55.36445634,15.3
010.43140611,55.36445630,15.3
010.43140605,55.36445627,15.2
010.43140605,55.36445629,15.2
010.43140602,55.36445630,15.2
010.43140603,55.36445629,15.2
010.43140606,55.36445629,15.2
010.43140609,55.36445628,15.2
010.43140604,55.36445629,15.2
010.43140603,55.36445627,15.2
010.43140602,55.36445628,15.2
010.43140609,55.36445624,15.2
010.43140609,55.36445626,15.2
010.43140612,55.36445629,15.2
010.43140610,55.36445627,15.2
010.43140606,55.36445623,15.2
010.43140606,55.36445623,15.2
010.43140609,55.36445624,15.2
010.43140608,55.36445625,15.2
010.43140610,55.36445626,15.2
010.43140611,55.36445627,15.2
010.43140608,55.36445626,15.2
010.43140604,55.36445626,15.2
010.43140606,55.36445626,15.2
010.43140610,55.36445625,15.2
010.43140611,55.36445624,15.2
010.43140610,55.36445624,15.2
010.43140609,55.36445627,15.2
010.43140604,55.36445627,15.2
010.43140607,55.36445627,15.2
010.43140609,55.36445629,15.2
010.43140620,55.36445629,15.2
010.43140615,55.36445631,15.2
010.43140614,55.36445635,15.2
010.43140615,55.36445632,15.2
010.43140613,55.36445631,15.2
010.43140611,55.36445630,15.2
010.43140613,55.36445631,15.2
010.43140618,55.36445632,15.2
010.43140614,55.36445632,15.2
010.43140611,55.36445629,15.2
010.43140611,55.36445634,15.2
010.43140613,55.36445634,15.2
010.43140614,55.36445632,15.2
010.43140618,55.36445633,15.2
010.43140617,55.36445634,15.2
010.43140614,55.36445631,15.2
010.43140613,55.36445629,15.2
010.43140618,55.36445631,15.2
010.43140614,55.36445628,15.2
010.43140610,55.36445629,15.2
010.43140610,55.36445628,15.2
010.43140615,55.36445629,15.2
010.43140611,55.36445628,15.2
010.43140609,55.36445629,15.2
010.43140609,55.36445630,15.2
010.43140612,55.36445626,15.2
010.43140613,55.36445628,15.3
010.43140613,55.36445629,15.2
010.43140613,55.36445630,15.2
010.43140614,55.36445630,15.2
010.43140614,55.36445629,15.2
010.43140611,55.36445632,15.3
010.43140606,55.36445628,15.2
010.43140607,55.36445628,15.2
010.43140611,55.36445631,15.3
010.43140612,55.36445629,15.3
010.43140610,55.36445623,15.3
010.43140608,55.36445630,15.2
010.43140609,55.36445631,15.2
010.43140611,55.36445630,15.2
010.43140612,55.36445629,15.2
010.43140612,55.36445629,15.2
010.43140610,55.36445628,15.2
010.43140605,55.36445628,15.2
010.43140613,55.36445630,15.2
010.43140609,55.36445628,15.2
010.43140610,55.36445628,15.2
010.43140606,55.36445628,15.2
010.43140605,55.36445633,15.2
010.43140611,55.36445634,15.2
010.43140613,55.36445633,15.2
010.43140609,55.36445631,15.2
010.43140606,55.36445631,15.2
010.43140611,55.36445633,15.2
010.43140612,55.36445628,15.2
010.43140611,55.36445628,15.2
010.43140613,55.36445627,15.2
010.43140611,55.36445626,15.2
010.43140609,55.36445627,15.2
010.43140614,55.36445631,15.2
010.43140615,55.36445628,15.2
010.43140611,55.36445633,15.2
010.43140613,55.36445626,15.2
010.43140614,55.36445625,15.2
010.43140613,55.36445626,15.2
010.43140612,55.36445626,15.2
010.43140613,55.36445630,15.2
010.43140615,55.36445631,15.2
010.43140615,55.36445628,15.2
010.43140596,55.36445612,15.2
010.43140597,55.36445617,15.2
010.43140610,55.36445626,15.2
010.43140613,55.36445628,15.2
010.43140613,55.36445628,15.2
010.43140617,55.36445630,15.2
010.43140618,55.36445630,15.2
010.43140612,55.36445629,15.2
010.43140608,55.36445629,15.2
010.43140608,55.36445627,15.2
010.43140611,55.36445627,15.2
010.43140612,55.36445631,15.2
010.43140608,55.36445630,15.2
010.43140608,55.36445630,15.2
010.43140607,55.36445629,15.2
010.43140609,55.36445630,15.2
010.43140612,55.36445632,15.2
010.43140606,55.36445630,15.2
010.43140604,55.36445629,15.2
010.43140614,55.36445630,15.2
010.43140611,55.36445632,15.2
010.43140613,55.36445632,15.2
010.43140615,55.36445632,15.2
010.43140609,55.36445631,15.2
010.43140617,55.36445631,15.3
010.43140617,55.36445631,15.3
010.43140612,55.36445631,15.3
010.43140611,55.36445632,15.2
010.43140615,55.36445633,15.2
010.43140616,55.36445633,15.3
010.43140613,55.36445632,15.3
010.43140615,55.36445632,15.3
010.43140616,55.36445630,15.2
010.43140615,55.36445631,15.2
010.43140616,55.36445631,15.2
010.43140617,55.36445630,15.2
010.43140612,55.36445628,15.2
010.43140610,55.36445629,15.2
010.43140610,55.36445628,15.2
010.43140610,55.36445627,15.2
010.43140611,55.36445629,15.2
010.43140612,55.36445630,15.2
010.43140613,55.36445631,15.2
010.43140612,55.36445630,15.2
010.43140610,55.36445628,15.2
010.43140608,55.36445628,15.2
010.43140610,55.36445630,15.2
010.43140615,55.36445633,15.2
010.43140614,55.36445634,15.2
010.43140613,55.36445634,15.2
010.43140614,55.36445633,15.2
010.43140609,55.36445627,15.2
010.43140608,55.36445627,15.2
010.43140611,55.36445628,15.2
010.43140613,55.36445629,15.2
010.43140613,55.36445629,15.2
010.43140609,55.36445629,15.2
010.43140610,55.36445630,15.2
010.43140612,55.36445631,15.3
010.43140612,55.36445630,15.3
010.43140610,55.36445628,15.2
010.43140619,55.36445635,15.3
010.43140618,55.36445634,15.2
010.43140618,55.36445635,15.3
010.43140615,55.36445632,15.3
010.43140610,55.36445631,15.3
010.43140605,55.36445629,15.2
010.43140608,55.36445633,15.2
010.43140613,55.36445631,15.2
010.43140617,55.36445631,15.2
010.43140613,55.36445631,15.2
010.43140613,55.36445634,15.2
010.43140613,55.36445633,15.2
010.43140611,55.36445631,15.2
010.43140613,55.36445633,15.2
010.43140613,55.36445632,15.2
010.43140611,55.36445632,15.2
010.43140613,55.36445633,15.2
010.43140615,55.36445636,15.2
010.43140614,55.36445635,15.2
010.43140613,55.36445634,15.2
010.43140609,55.36445633,15.2
010.43140607,55.36445634,15.2
010.43140614,55.36445635,15.2
010.43140613,55.36445632,15.2
010.43140615,55.36445633,15.2
010.43140613,55.36445634,15.2
010.43140612,55.36445630,15.2
010.43140614,55.36445632,15.2
010.43140616,55.36445632,15.2
010.43140611,55.36445633,15.2
010.43140609,55.36445633,15.2
010.43140611,55.36445633,15.2
010.43140609,55.36445632,15.2
010.43140607,55.36445633,15.2
010.43140604,55.36445634,15.2
010.43140607,55.36445630,15.2
010.43140611,55.36445631,15.2
010.43140611,55.36445634,15.2
010.43140614,55.36445632,15.2
010.43140612,55.36445634,15.2
010.43140614,55.36445635,15.2
010.43140611,55.36445633,15.2
010.43140611,55.36445633,15.2
010.43140613,55.36445636,15.2
010.43140614,55.36445636,15.2
010.43140616,55.36445634,15.2
010.43140613,55.36445634,15.2
010.43140616,55.36445637,15.2
010.43140613,55.36445639,15.2
010.43140614,55.36445636,15.2
010.43140609,55.36445630,15.2
010.43140609,55.36445630,15.2
010.43140608,55.36445630,15.2
010.43140608,55.36445627,15.2
010.43140612,55.36445627,15.2
010.43140609,55.36445628,15.2
010.43140605,55.36445628,15.2
010.43140610,55.36445629,15.2
010.43140610,55.36445630,15.2
010.43140605,55.36445630,15.2
010.43140603,55.36445631,15.2
010.43140604,55.36445631,15.2
010.43140610,55.36445631,15.2
010.43140614,55.36445629,15.2
010.43140613,55.36445629,15.2
010.43140610,55.36445630,15.2
010.43140607,55.36445626,15.2
010.43140603,55.36445629,15.2
010.43140614,55.36445631,15.2
010.43140612,55.36445630,15.2
010.43140606,55.36445632,15.2
010.43140607,55.36445634,15.2
010.43140611,55.36445633,15.2
010.43140608,55.36445630,15.2
010.43140606,55.36445630,15.2
010.43140606,55.36445634,15.2
010.43140607,55.36445633,15.2
010.43140605,55.36445631,15.2
010.43140606,55.36445633,15.3
010.43140608,55.36445635,15.2
010.43140612,55.36445634,15.2
010.43140607,55.36445630,15.2
010.43140606,55.36445633,15.2
010.43140605,55.36445635,15.2
010.43140605,55.36445632,15.2
010.43140609,55.36445631,15.2
010.43140610,55.36445632,15.2
010.43140609,55.36445634,15.2
010.43140611,55.36445634,15.2
010.43140610,55.36445633,15.2
010.43140612,55.36445627,15.2
010.43140610,55.36445628,15.2
010.43140609,55.36445628,15.2
010.43140613,55.36445628,15.2
010.43140615,55.36445628,15.2
010.43140612,55.36445629,15.2
010.43140610,55.36445630,15.2
010.43140612,55.36445628,15.2
010.43140609,55.36445626,15.2
010.43140612,55.36445628,15.2
010.43140611,55.36445632,15.2
010.43140606,55.36445628,15.2
010.43140612,55.36445632,15.2
010.43140610,55.36445628,15.2
010.43140609,55.36445629,15.2
010.43140612,55.36445634,15.2
010.43140610,55.36445630,15.2
010.43140610,55.36445628,15.2
010.43140612,55.36445628,15.2
010.43140613,55.36445628,15.2
010.43140609,55.36445633,15.2
010.43140607,55.36445634,15.2
010.43140603,55.36445631,15.2
010.43140602,55.36445630,15.2
010.43140609,55.36445630,15.2
010.43140609,55.36445631,15.2
010.43140609,55.36445631,15.2
010.43140603,55.36445633,15.2
010.43140609,55.36445631,15.2
010.43140611,55.36445631,15.2
010.43140610,55.36445628,15.2
010.43140614,55.36445629,15.2
010.43140606,55.36445631,15.2
010.43140613,55.36445635,15.2
010.43140616,55.36445634,15.2
010.43140609,55.36445636,15.2
010.43140610,55.36445636,15.2
010.43140613,55.36445637,15.2
010.43140611,55.36445635,15.2
010.43140619,55.36445626,15.2
010.43140623,55.36445626,15.2
010.43140611,55.36445630,15.2
010.43140622,55.36445625,15.2
010.43140616,55.36445626,15.2
010.43140619,55.36445625,15.2
010.43140611,55.36445630,15.2
010.43140619,55.36445627,15.2
010.43140609,55.36445629,15.2
010.43140607,55.36445631,15.2
010.43140606,55.36445632,15.2
010.43140618,55.36445628,15.2
010.43140620,55.36445628,15.2
010.43140616,55.36445627,15.2
010.43140607,55.36445634,15.2
010.43140613,55.36445639,15.2
010.43140607,55.36445634,15.2
010.43140608,55.36445635,15.2
010.43140611,55.36445634,15.2
010.43140612,55.36445632,15.2
010.43140608,55.36445632,15.2
010.43140609,55.36445631,15.2
010.43140611,55.36445633,15.2
010.43140612,55.36445632,15.2
010.43140609,55.36445632,15.2
010.43140612,55.36445635,15.2
010.43140616,55.36445634,15.2
010.43140613,55.36445634,15.2
010.43140612,55.36445631,15.2
010.43140611,55.36445632,15.2
010.43140613,55.36445635,15.2
010.43140612,55.36445635,15.2
010.43140607,55.36445634,15.2
010.43140611,55.36445634,15.2
010.43140616,55.36445634,15.2
010.43140615,55.36445636,15.2
010.43140613,55.36445634,15.2
010.43140612,55.36445638,15.2
010.43140609,55.36445637,15.2
010.43140612,55.36445632,15.2
010.43140617,55.36445633,15.2
010.43140615,55.36445627,15.2
010.43140618,55.36445629,15.2
010.43140613,55.36445629,15.2
010.43140610,55.36445631,15.2
010.43140612,55.36445634,15.2
010.43140610,55.36445629,15.2
010.43140618,55.36445633,15.2
010.43140618,55.36445632,15.3
010.43140612,55.36445631,15.2
010.43140610,55.36445630,15.2
010.43140610,55.36445627,15.2
010.43140616,55.36445629,15.2
010.43140618,55.36445630,15.2
010.43140620,55.36445632,15.3
010.43140621,55.36445633,15.3
010.43140618,55.36445632,15.2
010.43140615,55.36445632,15.2
010.43140617,55.36445634,15.2
010.43140618,55.36445632,15.2
010.43140617,55.36445631,15.2
010.43140628,55.36445638,15.3
010.43140614,55.36445629,15.2
010.43140606,55.36445628,15.2
010.43140613,55.36445628,15.2
010.43140613,55.36445627,15.2
010.43140616,55.36445632,15.2
010.43140609,55.36445631,15.2
010.43140610,55.36445632,15.2
010.43140614,55.36445634,15.2
010.43140614,55.36445631,15.2
010.43140615,55.36445628,15.2
010.43140614,55.36445631,15.2
010.43140612,55.36445628,15.2
010.43140612,55.36445632,15.2
010.43140608,55.36445630,15.2
010.43140608,55.36445630,15.2
010.43140611,55.36445633,15.2
010.43140615,55.36445633,15.2
010.43140615,55.36445631,15.2
010.43140613,55.36445632,15.2
010.43140611,55.36445629,15.2
010.43140609,55.36445627,15.2
010.43140610,55.36445627,15.2
010.43140606,55.36445625,15.2
010.43140607,55.36445626,15.2
010.43140612,55.36445629,15.2
010.43140611,55.36445625,15.2
010.43140608,55.36445624,15.2
010.43140609,55.36445627,15.2
010.43140610,55.36445630,15.2
010.43140612,55.36445627,15.2
010.43140612,55.36445627,15.2
010.43140613,55.36445628,15.2
010.43140614,55.36445629,15.2
010.43140616,55.36445632,15.2
010.43140615,55.36445630,15.2
010.43140613,55.36445629,15.2
010.43140615,55.36445632,15.2
010.43140614,55.36445632,15.2
010.43140611,55.36445628,15.2
010.43140609,55.36445626,15.2
010.43140611,55.36445627,15.2
010.43140610,55.36445627,15.2
010.43140610,55.36445627,15.2
010.43140612,55.36445629,15.2
010.43140610,55.36445627,15.2
010.43140609,55.36445626,15.2
010.43140611,55.36445627,15.2
010.43140610,55.36445626,15.2
010.43140613,55.36445627,15.2
010.43140614,55.36445629,15.2
010.43140613,55.36445629,15.2
010.43140614,55.36445630,15.2
010.43140615,55.36445629,15.2
010.43140617,55.36445630,15.2
010.43140614,55.36445628,15.2
010.43140610,55.36445627,15.2
010.43140610,55.36445625,15.2
010.43140611,55.36445625,15.2
010.43140618,55.36445626,15.3
010.43140625,55.36445629,15.2
010.43140618,55.36445625,15.2
010.43140610,55.36445628,15.2
010.43140610,55.36445629,15.2
010.43140614,55.36445627,15.2
010.43140616,55.36445628,15.2
010.43140614,55.36445629,15.2
010.43140608,55.36445634,15.2
010.43140612,55.36445628,15.3
010.43140611,55.36445627,15.2
010.43140610,55.36445632,15.2
010.43140606,55.36445631,15.2
010.43140612,55.36445625,15.2
010.43140619,55.36445627,15.2
010.43140616,55.36445629,15.2
010.43140620,55.36445630,15.2
010.43140621,55.36445630,15.2
010.43140615,55.36445625,15.2
010.43140615,55.36445624,15.2
010.43140614,55.36445625,15.2
010.43140606,55.36445627,15.2
010.43140608,55.36445626,15.2
010.43140605,55.36445626,15.2
010.43140610,55.36445627,15.2
010.43140620,55.36445634,15.3
010.43140617,55.36445635,15.2
010.43140612,55.36445632,15.2
010.43140612,55.36445634,15.2
010.43140610,55.36445632,15.2
010.43140610,55.36445631,15.2
010.43140613,55.36445631,15.2
010.43140613,55.36445633,15.2
010.43140617,55.36445632,15.3
010.43140615,55.36445632,15.2
010.43140613,55.36445631,15.2
010.43140616,55.36445631,15.2
010.43140613,55.36445632,15.2
010.43140613,55.36445632,15.2
010.43140612,55.36445630,15.2
010.43140611,55.36445631,15.2
010.43140609,55.36445632,15.2
010.43140610,55.36445632,15.2
010.43140614,55.36445634,15.2
010.43140607,55.36445634,15.2
010.43140610,55.36445631,15.2
010.43140611,55.36445630,15.2
010.43140616,55.36445633,15.2
010.43140611,55.36445632,15.2
010.43140608,55.36445634,15.2
010.43140609,55.36445634,15.2
010.43140612,55.36445635,15.2
010.43140611,55.36445631,15.2
010.43140605,55.36445628,15.2
010.43140607,55.36445630,15.2
010.43140613,55.36445633,15.2
010.43140612,55.36445630,15.2
010.43140610,55.36445628,15.2
010.43140611,55.36445627,15.2
010.43140608,55.36445629,15.2
010.43140604,55.36445630,15.2
010.43140608,55.36445628,15.2
010.43140613,55.36445629,15.2
010.43140609,55.36445629,15.2
010.43140608,55.36445626,15.2
010.43140617,55.36445627,15.2
010.43140614,55.36445633,15.3
010.43140614,55.36445629,15.2
010.43140611,55.36445629,15.2
010.43140609,55.36445629,15.2
010.43140613,55.36445631,15.2
010.43140608,55.36445624,15.2
010.43140610,55.36445630,15.2
010.43140614,55.36445630,15.2
010.43140618,55.36445636,15.2
010.43140612,55.36445631,15.2
010.43140613,55.36445632,15.2
010.43140615,55.36445631,15.2
010.43140612,55.36445629,15.2
010.43140613,55.36445630,15.2
010.43140618,55.36445631,15.2
010.43140617,55.36445631,15.2
010.43140617,55.36445634,15.2
010.43140615,55.36445634,15.2
010.43140618,55.36445632,15.3
010.43140616,55.36445631,15.3
010.43140614,55.36445633,15.2
010.43140617,55.36445634,15.2
010.43140617,55.36445630,15.2
010.43140612,55.36445629,15.2
010.43140609,55.36445630,15.2
010.43140613,55.36445631,15.2
010.43140619,55.36445632,15.3
010.43140618,55.36445633,15.3
010.43140617,55.36445634,15.3
010.43140618,55.36445635,15.2
010.43140616,55.36445633,15.2
010.43140616,55.36445633,15.2
010.43140612,55.36445636,15.2
010.43140613,55.36445637,15.2
010.43140617,55.36445635,15.2
010.43140616,55.36445637,15.3
010.43140613,55.36445634,15.2
010.43140610,55.36445630,15.2
010.43140611,55.36445632,15.2
010.43140612,55.36445632,15.2
010.43140614,55.36445632,15.2
010.43140616,55.36445632,15.2
010.43140615,55.36445631,15.2
010.43140612,55.36445628,15.2
010.43140615,55.36445629,15.2
010.43140615,55.36445630,15.2
010.43140617,55.36445633,15.2
010.43140623,55.36445634,15.2
010.43140619,55.36445633,15.2
010.43140616,55.36445630,15.2
010.43140620,55.36445632,15.2
010.43140618,55.36445631,15.2
010.43140614,55.36445629,15.2
010.43140612,55.36445630,15.2
010.43140614,55.36445632,15.2
010.43140614,55.36445632,15.2
010.43140607,55.36445631,15.2
010.43140607,55.36445634,15.2
010.43140607,55.36445631,15.2
010.43140606,55.36445629,15.2
010.43140606,55.36445628,15.2
010.43140607,55.36445628,15.2
010.43140608,55.36445629,15.2
010.43140612,55.36445631,15.2
010.43140609,55.36445633,15.2
010.43140611,55.36445631,15.2
010.43140610,55.36445630,15.2
010.43140612,55.36445632,15.2
010.43140610,55.36445632,15.2
010.43140606,55.36445633,15.2
010.43140611,55.36445631,15.2
010.43140614,55.36445631,15.2
010.43140609,55.36445632,15.2
010.43140605,55.36445631,15.2
010.43140607,55.36445631,15.2
010.43140607,55.36445630,15.2
010.43140608,55.36445633,15.2
010.43140612,55.36445629,15.2
010.43140621,55.36445628,15.2
010.43140614,55.36445629,15.2
010.43140614,55.36445632,15.2
010.43140614,55.36445633,15.2
010.43140612,55.36445632,15.2
010.43140613,55.36445631,15.2
010.43140611,55.36445629,15.2
010.43140614,55.36445628,15.2
010.43140613,55.36445633,15.2
010.43140614,55.36445634,15.2
010.43140613,55.36445631,15.2
010.43140611,55.36445633,15.2
010.43140611,55.36445635,15.2
010.43140616,55.36445635,15.2
010.43140610,55.36445636,15.2
010.43140611,55.36445636,15.2
010.43140613,55.36445631,15.2
010.43140618,55.36445631,15.2
010.43140616,55.36445630,15.2
010.43140614,55.36445632,15.2
010.43140614,55.36445631,15.2
010.43140616,55.36445631,15.2
010.43140617,55.36445633,15.2
010.43140615,55.36445629,15.2
010.43140617,55.36445629,15.2
010.43140616,55.36445630,15.2
010.43140614,55.36445632,15.2
010.43140613,55.36445631,15.2
010.43140610,55.36445627,15.2
010.43140612,55.36445628,15.2
010.43140615,55.36445628,15.2
010.43140617,55.36445629,15.2
010.43140614,55.36445630,15.2
010.43140612,55.36445631,15.2
010.43140615,55.36445629,15.2
010.43140614,55.36445629,15.2
010.43140611,55.36445630,15.3
010.43140611,55.36445632,15.2
010.43140614,55.36445630,15.2
010.43140616,55.36445630,15.2
010.43140622,55.36445634,15.3
010.43140614,55.36445631,15.2
010.43140613,55.36445632,15.2
010.43140610,55.36445633,15.2
010.43140613,55.36445629,15.2
010.43140610,55.36445633,15.2
010.43140618,55.36445631,15.3
010.43140619,55.36445633,15.3
010.43140615,55.36445635,15.3
010.43140617,55.36445634,15.2
010.43140617,55.36445635,15.2
010.43140614,55.36445634,15.2
010.43140614,55.36445634,15.3
010.43140617,55.36445634,15.3
010.43140616,55.36445633,15.3
010.43140615,55.36445635,15.3
010.43140614,55.36445633,15.2
010.43140617,55.36445635,15.2
010.43140614,55.36445633,15.2
010.43140612,55.36445632,15.2
010.43140618,55.36445632,15.2
010.43140618,55.36445631,15.2
010.43140619,55.36445630,15.2
010.43140618,55.36445630,15.2
010.43140616,55.36445632,15.2
010.43140617,55.36445634,15.2
010.43140621,55.36445634,15.2
010.43140616,55.36445630,15.2
010.43140613,55.36445628,15.2
010.43140614,55.36445628,15.2
010.43140614,55.36445629,15.2
010.43140616,55.36445629,15.2
010.43140617,55.36445633,15.2
010.43140616,55.36445635,15.2
010.43140613,55.36445628,15.2
010.43140614,55.36445628,15.2
010.43140617,55.36445633,15.2
010.43140614,55.36445631,15.3
010.43140613,55.36445631,15.3
010.43140612,55.36445628,15.2
010.43140608,55.36445630,15.2
010.43140608,55.36445632,15.2
010.43140609,55.36445629,15.2
010.43140609,55.36445631,15.2
010.43140610,55.36445632,15.2
010.43140611,55.36445632,15.3
010.43140611,55.36445632,15.3
010.43140611,55.36445630,15.3
010.43140609,55.36445623,15.2
010.43140609,55.36445628,15.2
010.43140602,55.36445633,15.2
010.43140610,55.36445630,15.3
010.43140600,55.36445630,15.3
010.43140584,55.36445624,15.3
010.43140571,55.36445617,15.3
010.43140539,55.36445605,15.3
010.43140519,55.36445598,15.3
010.43140478,55.36445586,15.3
010.43140439,55.36445577,15.3
010.43140404,55.36445579,15.3
010.43140365,55.36445569,15.3
010.43140322,55.36445567,15.3
010.43140283,55.36445561,15.3
010.43140252,55.36445560,15.3
010.43140205,55.36445561,15.4
010.43140170,55.36445569,15.3
010.43140132,55.36445553,15.4
010.43140110,55.36445530,15.5
010.43140117,55.36445537,15.5
010.43140095,55.36445538,15.5
010.43140095,55.36445548,15.5
010.43140072,55.36445529,15.5
010.43140075,55.36445536,15.6
010.43140086,55.36445552,15.6
010.43140059,55.36445579,15.7
010.43140044,55.36445584,15.7
010.43140010,55.36445577,15.7
010.43139995,55.36445583,15.7
010.43139954,55.36445577,15.8
010.43139919,55.36445571,15.8
010.43139905,55.36445579,15.9
010.43139877,55.36445576,15.9
010.43139851,55.36445589,16.0
010.43139806,55.36445597,16.0
010.43139755,55.36445580,16.0
010.43139715,55.36445583,16.1
010.43139682,55.36445581,16.1
010.43139612,55.36445578,16.2
010.43139561,55.36445584,16.2
010.43139494,55.36445574,16.2
010.43139440,55.36445576,16.3
010.43139386,55.36445577,16.3
010.43139312,55.36445594,16.4
010.43139267,55.36445582,16.4
010.43139156,55.36445569,16.4
010.43139078,55.36445546,16.5
010.43139007,55.36445557,16.5
010.43138930,55.36445539,16.6
010.43138835,55.36445529,16.7
010.43138765,55.36445527,16.7
010.43138668,55.36445535,16.8
010.43138569,55.36445509,16.8
010.43138424,55.36445474,16.8
010.43138337,55.36445480,16.9
010.43138235,55.36445456,16.9
010.43138141,55.36445471,17.0
010.43138050,55.36445422,17.0
010.43137922,55.36445400,17.0
010.43137816,55.36445393,17.1
010.43137696,55.36445360,17.1
010.43137599,55.36445341,17.1
010.43137479,55.36445307,17.2
010.43137358,55.36445249,17.2
010.43137243,55.36445226,17.2
010.43137138,55.36445188,17.2
010.43137028,55.36445152,17.3
010.43136920,55.36445101,17.4
010.43136787,55.36445048,17.4
010.43136674,55.36444995,17.4
010.43136573,55.36444956,17.4
010.43136455,55.36444896,17.5
010.43136361,55.36444853,17.5
010.43136273,55.36444819,17.5
010.43136178,55.36444769,17.6
010.43136077,55.36444701,17.7
010.43135995,55.36444645,17.7
010.43135964,55.36444627,17.7
010.43135865,55.36444513,17.8
010.43135789,55.36444486,17.8
010.43135718,55.36444454,17.8
010.43135670,55.36444400,17.9
010.43135611,55.36444341,17.9
010.43135531,55.36444265,18.0
010.43135465,55.36444194,18.0
010.43135463,55.36444161,18.1
010.43135414,55.36444104,18.1
010.43135340,55.36444042,18.2
010.43135302,55.36443978,18.1
010.43135271,55.36443924,18.2
010.43135231,55.36443852,18.2
010.43135183,55.36443780,18.1
010.43135153,55.36443715,18.2
010.43135159,55.36443659,18.2
010.43135137,55.36443612,18.3
010.43135125,55.36443556,18.3
010.43135110,55.36443556,18.4
010.43135106,55.36443400,18.2
010.43135136,55.36443361,18.3
010.43135121,55.36443303,18.3
010.43135126,55.36443231,18.3
010.43135122,55.36443194,18.3
010.43135126,55.36443140,18.4
010.43135131,55.36443090,18.3
010.43135138,55.36443037,18.3
010.43135137,55.36442988,18.4
010.43135130,55.36442940,18.4
010.43135120,55.36442893,18.3
010.43135115,55.36442852,18.3
010.43135098,55.36442806,18.3
010.43135088,55.36442789,18.3
010.43135075,55.36442743,18.3
010.43135079,55.36442728,18.3
010.43135056,55.36442701,18.3
010.43135042,55.36442682,18.3
010.43135025,55.36442656,18.2
010.43135011,55.36442636,18.2
010.43134993,55.36442616,18.2
010.43134975,55.36442599,18.2
010.43134956,55.36442588,18.2
010.43134935,55.36442580,18.2
010.43134914,55.36442576,18.2
010.43134886,55.36442571,18.1
010.43134859,55.36442567,18.1
010.43134848,55.36442563,18.1
010.43134792,55.36442577,18.1
010.43134759,55.36442571,18.1
010.43134748,55.36442576,18.0
010.43134722,55.36442585,18.0
010.43134697,55.36442602,18.0
010.43134658,55.36442588,18.0
010.43134645,55.36442624,18.0
010.43134624,55.36442638,18.0
010.43134577,55.36442607,17.9
010.43134571,55.36442640,17.9
010.43134536,55.36442661,17.9
010.43134515,55.36442680,17.9
010.43134475,55.36442688,17.9
010.43134434,55.36442695,17.8
010.43134391,55.36442718,17.8
010.43134339,55.36442706,17.8
010.43134279,55.36442711,17.8
010.43134202,55.36442708,17.7
010.43134160,55.36442746,17.7
010.43134105,55.36442755,17.6
010.43134044,55.36442786,17.6
010.43133971,55.36442788,17.6
010.43133929,55.36442810,17.5
010.43133871,55.36442833,17.5
010.43133800,55.36442856,17.5
010.43133743,55.36442873,17.5
010.43133652,55.36442872,17.4
010.43133592,55.36442880,17.4
010.43133513,55.36442902,17.3
010.43133473,55.36442910,17.3
010.43133430,55.36442912,17.3
010.43133396,55.36442923,17.4
010.43133325,55.36442945,17.3
010.43133307,55.36442945,17.3
010.43133244,55.36442954,17.3
010.43133166,55.36442959,17.3
010.43133092,55.36442969,17.2
010.43133031,55.36442978,17.2
010.43132948,55.36442980,17.2
010.43132865,55.36442980,17.2
010.43132756,55.36443001,17.1
010.43132667,55.36442986,17.1
010.43132568,55.36442968,17.1
010.43132461,55.36442938,17.0
010.43132373,55.36442926,17.0
010.43132282,55.36442915,17.0
010.43132206,55.36442906,17.1
010.43132116,55.36442885,17.0
010.43132033,55.36442864,17.0
010.43131968,55.36442843,17.1
010.43131865,55.36442847,17.0
010.43131839,55.36442781,17.1
010.43131717,55.36442763,17.0
010.43131664,55.36442720,17.0
010.43131587,55.36442675,17.0
010.43131487,55.36442643,16.9
010.43131419,55.36442611,16.9
010.43131364,55.36442575,16.9
010.43131276,55.36442534,16.8
010.43131212,55.36442487,16.8
010.43131145,55.36442451,16.8
010.43131085,55.36442417,16.8
010.43131033,55.36442373,16.8
010.43130966,55.36442342,16.7
010.43130923,55.36442306,16.7
010.43130888,55.36442272,16.7
010.43130846,55.36442240,16.7
010.43130795,55.36442208,16.7
010.43130784,55.36442197,16.7
010.43130727,55.36442151,16.6
010.43130686,55.36442126,16.6
010.43130660,55.36442104,16.6
010.43130648,55.36442081,16.6
010.43130626,55.36442058,16.6
010.43130606,55.36442034,16.6
010.43130602,55.36442004,16.6
010.43130600,55.36441978,16.5
010.43130592,55.36441951,16.5
010.43130586,55.36441929,16.5
010.43130588,55.36441901,16.5
010.43130599,55.36441875,16.5
010.43130607,55.36441848,16.5
010.43130617,55.36441820,16.5
010.43130630,55.36441793,16.5
010.43130654,55.36441773,16.5
010.43130662,55.36441748,16.5
010.43130686,55.36441721,16.5
010.43130709,55.36441699,16.5
010.43130728,55.36441668,16.5
010.43130749,55.36441637,16.5
010.43130770,55.36441610,16.6
010.43130802,55.36441583,16.6
010.43130837,55.36441551,16.6
010.43130853,55.36441536,16.6
010.43130894,55.36441512,16.6
010.43130922,55.36441485,16.6
010.43130946,55.36441456,16.6
010.43130963,55.36441437,16.6
010.43131001,55.36441426,16.6
010.43131019,55.36441403,16.6
010.43131036,55.36441389,16.6
010.43131059,55.36441372,16.6
010.43131095,55.36441383,16.7
010.43131062,55.36441350,16.6
010.43131105,55.36441345,16.7
010.43131097,55.36441317,16.6
010.43131143,55.36441313,16.7
010.43131161,55.36441311,16.7
010.43131176,55.36441305,16.7
010.43131197,55.36441310,16.7
010.43131216,55.36441307,16.7
010.43131231,55.36441313,16.7
010.43131244,55.36441332,16.7
010.43131264,55.36441335,16.7
010.43131285,55.36441338,16.8
010.43131312,55.36441340,16.8
010.43131322,55.36441341,16.7
010.43131345,55.36441346,16.7
010.43131364,55.36441351,16.7
010.43131388,55.36441359,16.7
010.43131435,55.36441367,16.8
010.43131465,55.36441366,16.7
010.43131494,55.36441391,16.8
010.43131517,55.36441388,16.8
010.43131558,55.36441425,16.8
010.43131577,55.36441439,16.8
010.43131595,55.36441456,16.8
010.43131591,55.36441453,16.8
010.43131597,55.36441466,16.8
010.43131600,55.36441481,16.8
010.43131603,55.36441500,16.8
010.43131598,55.36441518,16.9
010.43131582,55.36441541,16.9
010.43131558,55.36441559,16.8
010.43131534,55.36441582,16.9
010.43131518,55.36441606,16.9
010.43131458,55.36441643,16.9
010.43131425,55.36441676,16.9
010.43131373,55.36441701,16.9
010.43131326,55.36441729,16.9
010.43131275,55.36441757,16.9
010.43131210,55.36441790,16.9
010.43131189,55.36441819,17.0
010.43131127,55.36441855,16.9
010.43131081,55.36441890,16.9
010.43131043,55.36441924,17.0
010.43130979,55.36441949,17.0
010.43130909,55.36441980,17.0
010.43130881,55.36442013,17.0
010.43130829,55.36442050,17.0
010.43130780,55.36442074,17.0
010.43130710,55.36442102,17.0
010.43130654,55.36442124,17.0
010.43130599,55.36442152,17.0
010.43130552,55.36442171,17.0
010.43130495,55.36442193,17.0
010.43130426,55.36442210,17.0
010.43130368,55.36442214,17.0
010.43130309,55.36442243,17.0
010.43130241,55.36442249,17.0
010.43130169,55.36442250,17.0
010.43130124,55.36442251,17.0
010.43130054,55.36442257,17.1
010.43129988,55.36442258,17.1
010.43129921,55.36442249,17.0
010.43129857,55.36442234,17.0
010.43129789,55.36442225,17.0
010.43129712,55.36442221,17.0
010.43129648,55.36442210,17.0
010.43129596,55.36442211,17.0
010.43129532,55.36442195,17.0
010.43129487,55.36442177,17.0
010.43129428,55.36442163,17.0
010.43129369,55.36442152,17.0
010.43129326,55.36442131,17.1
010.43129293,55.36442115,17.0
010.43129236,55.36442097,17.0
010.43129196,55.36442081,17.0
010.43129157,55.36442059,17.0
010.43129118,55.36442040,17.0
010.43129098,55.36442025,17.0
010.43129065,55.36441996,17.0
010.43129039,55.36441971,17.0
010.43129020,55.36441950,17.0
010.43128998,55.36441926,17.0
010.43128974,55.36441900,17.0
010.43128950,55.36441870,17.0
010.43128929,55.36441839,17.0
010.43128915,55.36441814,17.0
010.43128901,55.36441787,17.0
010.43128890,55.36441760,17.0
010.43128885,55.36441727,17.0
010.43128875,55.36441698,17.0
010.43128862,55.36441666,17.0
010.43128868,55.36441639,17.0
010.43128876,55.36441614,17.0
010.43128881,55.36441586,17.0
010.43128886,55.36441550,17.0
010.43128895,55.36441523,17.0
010.43128908,55.36441502,17.0
010.43128931,55.36441470,17.0
010.43128953,55.36441452,17.1
010.43128978,55.36441414,17.1
010.43128995,55.36441385,17.1
010.43129019,55.36441362,17.1
010.43129040,55.36441338,17.1
010.43129073,55.36441314,17.1
010.43129111,55.36441294,17.1
010.43129147,55.36441280,17.1
010.43129169,55.36441274,17.1
010.43129188,55.36441248,17.1
010.43129233,55.36441252,17.2
010.43129269,55.36441221,17.2
010.43129308,55.36441209,17.2
010.43129339,55.36441195,17.2
010.43129368,55.36441188,17.2
010.43129394,55.36441170,17.2
010.43129424,55.36441167,17.2
010.43129464,55.36441155,17.2
010.43129494,55.36441148,17.2
010.43129508,55.36441137,17.2
010.43129536,55.36441131,17.3
010.43129547,55.36441118,17.3
010.43129547,55.36441113,17.3
010.43129554,55.36441106,17.3
010.43129571,55.36441113,17.3
010.43129576,55.36441108,17.3
010.43129582,55.36441113,17.3
010.43129576,55.36441112,17.3
010.43129582,55.36441108,17.3
010.43129604,55.36441118,17.3
010.43129606,55.36441118,17.4
010.43129609,55.36441114,17.4
010.43129605,55.36441104,17.3
010.43129607,55.36441096,17.3
010.43129646,55.36441102,17.3
010.43129696,55.36441118,17.4
010.43129712,55.36441111,17.3
010.43129734,55.36441114,17.3
010.43129768,55.36441116,17.4
010.43129793,55.36441114,17.4
010.43129824,55.36441116,17.4
010.43129860,55.36441123,17.4
010.43129865,55.36441122,17.4
010.43129893,55.36441117,17.4
010.43129920,55.36441121,17.3
010.43129939,55.36441120,17.3
010.43129977,55.36441118,17.4
010.43130004,55.36441123,17.4
010.43130024,55.36441123,17.4
010.43130061,55.36441125,17.4
010.43130088,55.36441130,17.4
010.43130111,55.36441127,17.3
010.43130135,55.36441127,17.3
010.43130154,55.36441129,17.3
010.43130165,55.36441129,17.4
010.43130185,55.36441126,17.4
010.43130209,55.36441131,17.4
010.43130221,55.36441132,17.4
010.43130235,55.36441132,17.4
010.43130252,55.36441132,17.4
010.43130283,55.36441136,17.4
010.43130293,55.36441140,17.4
010.43130287,55.36441141,17.3
010.43130313,55.36441149,17.3
010.43130333,55.36441152,17.3
010.43130326,55.36441156,17.3
010.43130342,55.36441159,17.3
010.43130344,55.36441167,17.3
010.43130355,55.36441174,17.3
010.43130359,55.36441185,17.3
010.43130368,55.36441191,17.3
010.43130366,55.36441189,17.4
010.43130362,55.36441184,17.4
010.43130365,55.36441172,17.4
010.43130362,55.36441167,17.4
010.43130351,55.36441156,17.3
010.43130328,55.36441142,17.3
010.43130318,55.36441132,17.3
010.43130292,55.36441132,17.3
010.43130265,55.36441120,17.3
010.43130235,55.36441103,17.3
010.43130193,55.36441090,17.3
010.43130165,55.36441080,17.3
010.43130133,55.36441084,17.3
010.43130063,55.36441048,17.3
010.43130000,55.36441056,17.3
010.43129951,55.36441050,17.3
010.43129907,55.36441063,17.3
010.43129837,55.36441057,17.3
010.43129768,55.36441036,17.3
010.43129696,55.36441042,17.3
010.43129614,55.36441032,17.3
010.43129535,55.36441027,17.3
010.43129461,55.36441030,17.3
010.43129377,55.36441017,17.3
010.43129295,55.36441019,17.3
010.43129211,55.36441023,17.3
010.43129131,55.36441026,17.3
010.43129048,55.36441024,17.3
010.43128940,55.36441013,17.3
010.43128845,55.36441014,17.3
010.43128744,55.36441005,17.3
010.43128632,55.36441000,17.3
010.43128544,55.36441009,17.3
010.43128420,55.36440989,17.3
010.43128307,55.36440974,17.3
010.43128190,55.36440962,17.3
010.43128086,55.36440953,17.3
010.43127967,55.36440935,17.2
010.43127845,55.36440925,17.2
010.43127718,55.36440912,17.2
010.43127601,55.36440900,17.2
010.43127483,55.36440889,17.2
010.43127366,55.36440883,17.2
010.43127228,55.36440862,17.2
010.43127121,55.36440847,17.2
010.43127015,55.36440826,17.2
010.43126908,55.36440813,17.2
010.43126804,55.36440796,17.2
010.43126693,55.36440765,17.1
010.43126589,55.36440747,17.1
010.43126516,55.36440753,17.2
010.43126404,55.36440716,17.2
010.43126311,55.36440691,17.1
010.43126225,55.36440670,17.1
010.43126150,55.36440649,17.2
010.43126085,55.36440644,17.2
010.43126000,55.36440604,17.2
010.43125909,55.36440584,17.2
010.43125865,55.36440570,17.2
010.43125758,55.36440515,17.2
010.43125697,55.36440491,17.2
010.43125637,55.36440405,17.1
010.43125571,55.36440476,17.3
010.43125491,55.36440433,17.2
010.43125410,55.36440336,17.1
010.43125335,55.36440308,17.1
010.43125264,55.36440283,17.1
010.43125147,55.36440242,17.1
010.43125093,55.36440226,17.1
010.43125028,55.36440204,17.2
010.43124937,55.36440168,17.2
010.43124831,55.36440187,17.3
010.43124750,55.36440155,17.3
010.43124695,55.36440146,17.3
010.43124617,55.36440117,17.3
010.43124526,55.36440068,17.3
010.43124473,55.36440062,17.3
010.43124389,55.36440029,17.3
010.43124318,55.36440016,17.4
010.43124252,55.36439974,17.4
010.43124173,55.36439951,17.4
010.43124109,55.36439928,17.4
010.43124025,55.36439894,17.4
010.43123956,55.36439874,17.4
010.43123892,55.36439855,17.4
010.43123826,55.36439835,17.4
010.43123754,55.36439829,17.4
010.43123678,55.36439809,17.4
010.43123600,55.36439793,17.5
010.43123516,55.36439767,17.5
010.43123437,55.36439740,17.5
010.43123348,55.36439733,17.5
010.43123268,55.36439706,17.5
010.43123192,55.36439712,17.5
010.43123119,55.36439696,17.6
010.43123013,55.36439700,17.6
010.43122901,55.36439680,17.6
010.43122799,55.36439667,17.6
010.43122699,55.36439663,17.6
010.43122583,55.36439646,17.7
010.43122489,55.36439649,17.7
010.43122365,55.36439646,17.8
010.43122245,55.36439625,17.7
010.43122105,55.36439638,17.8
010.43121959,55.36439598,17.8
010.43121809,55.36439591,17.8
010.43121676,55.36439574,17.8
010.43121536,55.36439568,17.8
010.43121401,55.36439562,17.9
010.43121233,55.36439544,18.0
010.43121072,55.36439521,18.0
010.43120908,55.36439511,18.0
010.43120744,55.36439466,18.0
010.43120613,55.36439478,18.0
010.43120464,55.36439446,18.0
010.43120310,55.36439433,18.1
010.43120158,55.36439414,18.1
010.43119991,55.36439379,18.1
010.43119872,55.36439386,18.2
010.43119734,55.36439364,18.2
010.43119577,55.36439312,18.2
010.43119442,55.36439295,18.2
010.43119288,55.36439260,18.2
010.43119151,55.36439250,18.3
010.43119007,55.36439233,18.3
010.43118868,55.36439210,18.4
010.43118721,55.36439185,18.4
010.43118565,55.36439141,18.4
010.43118410,55.36439120,18.4
010.43118257,55.36439104,18.4
010.43118114,55.36439094,18.4
010.43117963,55.36439060,18.4
010.43117817,55.36439045,18.5
010.43117667,55.36439024,18.5
010.43117521,55.36439001,18.5
010.43117370,55.36438972,18.6
010.43117226,55.36438956,18.6
010.43117089,55.36438963,18.6
010.43116923,55.36438927,18.6
010.43116772,55.36438907,18.6
010.43116619,55.36438887,18.6
010.43116472,55.36438860,18.6
010.43116330,55.36438855,18.7
010.43116194,55.36438823,18.7
010.43116059,55.36438819,18.7
010.43115917,55.36438797,18.8
010.43115772,55.36438774,18.8
010.43115637,55.36438754,18.8
010.43115483,55.36438732,18.8
010.43115308,55.36438700,18.8
010.43115201,55.36438666,18.8
010.43115034,55.36438622,18.8
010.43114935,55.36438619,18.9
010.43114786,55.36438600,18.9
010.43114635,55.36438577,18.9
010.43114482,55.36438554,19.0
010.43114377,55.36438542,19.0
010.43114233,55.36438520,19.0
010.43114102,55.36438507,19.0
010.43113962,55.36438477,19.1
010.43113824,55.36438464,19.1
010.43113725,55.36438438,19.1
010.43113592,55.36438412,19.1
010.43113441,55.36438378,19.1
010.43113348,55.36438371,19.2
010.43113230,55.36438357,19.2
010.43113112,55.36438333,19.2
010.43113008,55.36438326,19.2
010.43112896,55.36438306,19.2
010.43112795,55.36438284,19.2
010.43112683,55.36438264,19.2
010.43112596,55.36438233,19.2
010.43112535,55.36438214,19.2
010.43112457,55.36438200,19.2
010.43112406,55.36438197,19.3
010.43112330,55.36438161,19.3
010.43112281,55.36438140,19.3
010.43112234,55.36438121,19.3
010.43112198,55.36438106,19.3
010.43112167,55.36438090,19.3
010.43112145,55.36438072,19.3
010.43112122,55.36438056,19.3
010.43112096,55.36438034,19.3
010.43112076,55.36438014,19.4
010.43112063,55.36437999,19.4
010.43112050,55.36437987,19.4
010.43112033,55.36437972,19.4
010.43112028,55.36437954,19.4
010.43112024,55.36437940,19.4
010.43112020,55.36437927,19.4
010.43112020,55.36437914,19.4
010.43112022,55.36437904,19.4
010.43112022,55.36437893,19.4
010.43112025,55.36437872,19.5
010.43112015,55.36437855,19.5
010.43112039,55.36437836,19.5
010.43112042,55.36437803,19.5
010.43112032,55.36437759,19.5
010.43112045,55.36437715,19.5
010.43112049,55.36437679,19.5
010.43112052,55.36437641,19.5
010.43112068,55.36437600,19.5
010.43112080,55.36437546,19.5
010.43112088,55.36437491,19.5
010.43112109,55.36437431,19.5
010.43112127,55.36437375,19.5
010.43112141,55.36437322,19.5
010.43112159,55.36437275,19.6
010.43112180,55.36437214,19.6
010.43112202,55.36437153,19.6
010.43112226,55.36437099,19.6
010.43112239,55.36437035,19.6
010.43112255,55.36436989,19.6
010.43112277,55.36436936,19.6
010.43112302,55.36436878,19.6
010.43112324,55.36436827,19.6
010.43112342,55.36436777,19.6
010.43112360,55.36436713,19.6
010.43112379,55.36436677,19.6
010.43112399,55.36436619,19.6
010.43112423,55.36436572,19.6
010.43112440,55.36436530,19.6
010.43112462,55.36436484,19.5
010.43112475,55.36436424,19.5
010.43112514,55.36436391,19.5
010.43112543,55.36436344,19.6
010.43112578,55.36436297,19.5
010.43112609,55.36436252,19.5
010.43112645,55.36436206,19.5
010.43112674,55.36436140,19.5
010.43112710,55.36436083,19.4
010.43112752,55.36436007,19.4
010.43112804,55.36435955,19.4
010.43112876,55.36435932,19.4
010.43112920,55.36435869,19.4
010.43112982,55.36435812,19.4
010.43113044,55.36435745,19.4
010.43113109,55.36435694,19.4
010.43113174,55.36435638,19.4
010.43113244,55.36435585,19.4
010.43113307,55.36435552,19.3
010.43113366,55.36435508,19.4
010.43113424,55.36435419,19.3
010.43113489,55.36435363,19.3
010.43113562,55.36435317,19.3
010.43113643,55.36435276,19.3
010.43113720,55.36435203,19.2
010.43113803,55.36435175,19.2
010.43113878,55.36435118,19.2
010.43113977,55.36435082,19.2
010.43114038,55.36435019,19.2
010.43114106,55.36434960,19.1
010.43114201,55.36434916,19.1
010.43114278,55.36434887,19.1
010.43114351,55.36434838,19.1
010.43114426,55.36434803,19.1
010.43114490,55.36434767,19.1
010.43114562,55.36434741,19.1
010.43114628,55.36434706,19.0
010.43114703,55.36434685,19.1
010.43114761,55.36434649,19.0
010.43114785,55.36434582,18.9
010.43114822,55.36434538,18.9
010.43114884,55.36434518,18.9
010.43114951,55.36434489,18.9
010.43115006,55.36434463,18.9
010.43115060,55.36434429,18.9
010.43115110,55.36434395,18.9
010.43115162,55.36434372,18.8
010.43115211,55.36434345,18.8
010.43115267,55.36434329,18.8
010.43115332,55.36434315,18.8
010.43115379,55.36434300,18.8
010.43115422,55.36434290,18.7
010.43115473,55.36434267,18.7
010.43115509,55.36434239,18.7
010.43115541,55.36434215,18.7
010.43115559,55.36434188,18.7
010.43115563,55.36434178,18.6
010.43115596,55.36434171,18.6
010.43115616,55.36434161,18.6
010.43115628,55.36434148,18.6
010.43115627,55.36434142,18.6
010.43115627,55.36434133,18.6
010.43115626,55.36434127,18.6
010.43115623,55.36434131,18.6
010.43115616,55.36434132,18.6
010.43115604,55.36434137,18.5
010.43115590,55.36434144,18.5
010.43115572,55.36434147,18.5
010.43115555,55.36434163,18.5
010.43115540,55.36434154,18.5
010.43115509,55.36434177,18.5
010.43115476,55.36434189,18.5
010.43115432,55.36434201,18.5
010.43115409,55.36434222,18.5
010.43115374,55.36434240,18.5
010.43115341,55.36434241,18.5
010.43115298,55.36434268,18.5
010.43115257,55.36434296,18.5
010.43115220,55.36434315,18.5
010.43115173,55.36434336,18.5
010.43115125,55.36434361,18.5
010.43115080,55.36434387,18.5
010.43115036,55.36434406,18.5
010.43114989,55.36434429,18.5
010.43114946,55.36434458,18.5
010.43114883,55.36434468,18.5
010.43114840,55.36434502,18.5
010.43114790,55.36434527,18.5
010.43114744,55.36434556,18.5
010.43114680,55.36434565,18.5
010.43114628,55.36434597,18.5
010.43114567,55.36434625,18.5
010.43114503,55.36434653,18.5
010.43114448,55.36434682,18.5
010.43114392,55.36434704,18.5
010.43114334,55.36434738,18.5
010.43114271,55.36434769,18.5
010.43114205,55.36434795,18.5
010.43114142,55.36434824,18.5
010.43114082,55.36434858,18.5
010.43114023,55.36434890,18.5
010.43113964,55.36434927,18.5
010.43113900,55.36434952,18.5
010.43113832,55.36434982,18.5
010.43113776,55.36435012,18.5
010.43113717,55.36435057,18.5
010.43113649,55.36435092,18.5
010.43113585,55.36435127,18.5
010.43113522,55.36435160,18.5
010.43113457,55.36435193,18.5
010.43113397,55.36435230,18.5
010.43113338,55.36435268,18.5
010.43113279,55.36435308,18.5
010.43113221,55.36435353,18.5
010.43113162,55.36435384,18.5
010.43113101,55.36435425,18.5
010.43113030,55.36435459,18.4
010.43112974,55.36435496,18.4
010.43112925,55.36435539,18.4
010.43112863,55.36435568,18.4
010.43112806,55.36435606,18.4
010.43112751,55.36435653,18.4
010.43112690,55.36435694,18.4
010.43112629,55.36435731,18.4
010.43112565,55.36435770,18.4
010.43112500,55.36435812,18.4
010.43112441,55.36435863,18.4
010.43112381,55.36435908,18.4
010.43112311,55.36435954,18.4
010.43112246,55.36436009,18.4
010.43112178,55.36436054,18.4
010.43112109,55.36436092,18.4
010.43112045,55.36436151,18.4
010.43111980,55.36436196,18.4
010.43111920,55.36436254,18.4
010.43111853,55.36436308,18.4
010.43111794,55.36436358,18.4
010.43111753,55.36436429,18.4
010.43111690,55.36436477,18.4
010.43111609,55.36436514,18.4
010.43111548,55.36436575,18.4
010.43111493,55.36436625,18.4
010.43111432,55.36436674,18.3
010.43111385,55.36436726,18.3
010.43111330,55.36436777,18.3
010.43111286,55.36436820,18.3
010.43111230,55.36436863,18.3
010.43111182,55.36436903,18.3
010.43111148,55.36436939,18.3
010.43111105,55.36436964,18.3
010.43111071,55.36436995,18.3
010.43111039,55.36437020,18.3
010.43111012,55.36437040,18.3
010.43110980,55.36437057,18.3
010.43110956,55.36437073,18.3
010.43110932,55.36437085,18.3
010.43110909,55.36437095,18.3
010.43110886,55.36437108,18.3
010.43110847,55.36437103,18.3
010.43110842,55.36437124,18.3
010.43110823,55.36437132,18.3
010.43110808,55.36437135,18.3
010.43110782,55.36437140,18.3
010.43110761,55.36437144,18.3
010.43110738,55.36437144,18.3
010.43110720,55.36437148,18.3
010.43110700,55.36437157,18.3
010.43110673,55.36437161,18.3
010.43110646,55.36437172,18.3
010.43110621,55.36437184,18.3
010.43110608,55.36437198,18.4
010.43110584,55.36437231,18.4
010.43110554,55.36437249,18.4
010.43110529,55.36437261,18.4
010.43110506,55.36437292,18.4
010.43110487,55.36437329,18.5
010.43110467,55.36437360,18.5
010.43110449,55.36437392,18.5
010.43110439,55.36437443,18.6
010.43110417,55.36437481,18.6
010.43110402,55.36437528,18.6
010.43110353,55.36437540,18.6
010.43110337,55.36437593,18.6
010.43110322,55.36437643,18.6
010.43110308,55.36437692,18.6
010.43110304,55.36437755,18.7
010.43110323,55.36437810,18.7
010.43110327,55.36437858,18.8
010.43110282,55.36437892,18.8
010.43110264,55.36437936,18.8
010.43110269,55.36437996,18.8
010.43110262,55.36438042,18.9
010.43110263,55.36438105,18.9
010.43110307,55.36438190,18.9
010.43110291,55.36438231,18.9
010.43110281,55.36438294,18.9
010.43110286,55.36438349,19.0
010.43110278,55.36438377,19.0
010.43110275,55.36438448,19.0
010.43110283,55.36438518,19.0
010.43110323,55.36438604,19.1
010.43110342,55.36438674,19.1
010.43110339,55.36438729,19.1
010.43110320,55.36438788,19.1
010.43110324,55.36438860,19.1
010.43110335,55.36438897,19.1
010.43110338,55.36438963,19.1
010.43110366,55.36439042,19.2
010.43110380,55.36439101,19.2
010.43110406,55.36439160,19.2
010.43110386,55.36439182,19.3
010.43110391,55.36439238,19.2
010.43110404,55.36439302,19.2
010.43110408,55.36439347,19.2
010.43110430,55.36439395,19.3
010.43110464,55.36439439,19.3
010.43110500,55.36439477,19.3
010.43110524,55.36439515,19.3
010.43110557,55.36439557,19.3
010.43110589,55.36439590,19.3
010.43110618,55.36439623,19.4
010.43110647,55.36439659,19.4
010.43110655,55.36439674,19.3
010.43110681,55.36439702,19.3
010.43110704,55.36439727,19.3
010.43110741,55.36439771,19.4
010.43110785,55.36439809,19.4
010.43110810,55.36439837,19.4
010.43110812,55.36439883,19.4
010.43110825,55.36439916,19.4
010.43110860,55.36439947,19.4
010.43110880,55.36439991,19.4
010.43110854,55.36440025,19.4
010.43110885,55.36440058,19.4
010.43110887,55.36440099,19.4
010.43110899,55.36440138,19.4
010.43110903,55.36440166,19.4
010.43110918,55.36440192,19.4
010.43110930,55.36440227,19.4
010.43110943,55.36440254,19.4
010.43110964,55.36440285,19.4
010.43110978,55.36440305,19.4
010.43110974,55.36440328,19.4
010.43110989,55.36440344,19.4
010.43111001,55.36440357,19.4
010.43111006,55.36440368,19.4
010.43111009,55.36440371,19.4
010.43111026,55.36440379,19.4
010.43111041,55.36440379,19.4
010.43111053,55.36440373,19.4
010.43111063,55.36440362,19.4
010.43111088,55.36440359,19.4
010.43111097,55.36440327,19.4
010.43111128,55.36440306,19.4
010.43111141,55.36440279,19.4
010.43111170,55.36440251,19.4
010.43111192,55.36440217,19.4
010.43111225,55.36440179,19.3
010.43111247,55.36440133,19.3
010.43111281,55.36440082,19.3
010.43111306,55.36440033,19.3
010.43111338,55.36439981,19.3
010.43111365,55.36439945,19.3
010.43111390,55.36439888,19.3
010.43111419,55.36439833,19.3
010.43111454,55.36439788,19.3
010.43111489,55.36439739,19.3
010.43111517,55.36439686,19.2
010.43111554,55.36439633,19.2
010.43111585,55.36439579,19.2
010.43111623,55.36439526,19.2
010.43111663,55.36439473,19.2
010.43111711,55.36439424,19.2
010.43111742,55.36439359,19.2
010.43111780,55.36439290,19.2
010.43111819,55.36439232,19.2
010.43111862,55.36439184,19.2
010.43111908,55.36439125,19.1
010.43111963,55.36439071,19.1
010.43112011,55.36439008,19.1
010.43112061,55.36438958,19.1
010.43112113,55.36438890,19.1
010.43112165,55.36438828,19.1
010.43112226,55.36438764,19.1
010.43112279,55.36438701,19.1
010.43112343,55.36438641,19.1
010.43112407,55.36438578,19.1
010.43112465,55.36438514,19.1
010.43112521,55.36438450,19.1
010.43112576,55.36438382,19.1
010.43112637,55.36438321,19.1
010.43112709,55.36438256,19.1
010.43112756,55.36438189,19.1
010.43112819,55.36438125,19.0
010.43112889,55.36438069,19.1
010.43112942,55.36438004,19.1
010.43113012,55.36437941,19.1
010.43113088,55.36437883,19.0
010.43113157,55.36437817,19.0
010.43113231,55.36437748,19.0
010.43113302,55.36437678,19.0
010.43113378,55.36437618,19.0
010.43113456,55.36437551,19.0
010.43113537,55.36437492,19.0
010.43113620,55.36437424,19.0
010.43113687,55.36437348,19.0
010.43113759,55.36437278,19.0
010.43113843,55.36437211,19.0
010.43113927,55.36437147,19.0
010.43114011,55.36437058,19.0
010.43114085,55.36436993,19.0
010.43114155,55.36436913,19.0
010.43114233,55.36436838,19.0
010.43114320,55.36436760,19.0
010.43114376,55.36436680,19.0
010.43114454,55.36436600,19.0
010.43114522,55.36436518,19.0
010.43114606,55.36436426,19.0
010.43114678,55.36436331,18.9
010.43114750,55.36436257,18.9
010.43114815,55.36436172,19.0
010.43114890,55.36436079,18.9
010.43114968,55.36435991,18.9
010.43115052,55.36435897,18.9
010.43115129,55.36435808,18.9
010.43115200,55.36435713,18.9
010.43115289,55.36435624,18.9
010.43115358,55.36435535,18.9
010.43115446,55.36435444,18.9
010.43115529,55.36435355,18.9
010.43115598,55.36435266,18.9
010.43115684,55.36435175,18.9
010.43115765,55.36435090,18.9
010.43115830,55.36434991,18.8
010.43115940,55.36434910,18.9
010.43116027,55.36434822,18.8
010.43116099,55.36434737,18.8
010.43116182,55.36434650,18.8
010.43116261,55.36434565,18.8
010.43116339,55.36434480,18.8
010.43116415,55.36434394,18.8
010.43116486,55.36434316,18.8
010.43116568,55.36434230,18.8
010.43116640,55.36434149,18.8
010.43116708,55.36434066,18.8
010.43116775,55.36433983,18.8
010.43116864,55.36433922,18.8
010.43116932,55.36433849,18.8
010.43116975,55.36433739,18.7
010.43117029,55.36433657,18.7
010.43117093,55.36433582,18.7
010.43117174,55.36433500,18.7
010.43117218,55.36433431,18.7
010.43117282,55.36433350,18.7
010.43117354,55.36433288,18.7
010.43117403,55.36433222,18.7
010.43117447,55.36433170,18.6
010.43117493,55.36433105,18.6
010.43117519,55.36433031,18.7
010.43117559,55.36432966,18.7
010.43117574,55.36432908,18.7
010.43117572,55.36432858,18.7
010.43117570,55.36432809,18.6
010.43117575,55.36432760,18.6
010.43117570,55.36432702,18.6
010.43117541,55.36432653,18.6
010.43117510,55.36432612,18.6
010.43117477,55.36432577,18.6
010.43117425,55.36432537,18.6
010.43117378,55.36432504,18.6
010.43117322,55.36432457,18.6
010.43117269,55.36432418,18.6
010.43117208,55.36432386,18.6
010.43117133,55.36432350,18.6
010.43117072,55.36432323,18.6
010.43116998,55.36432299,18.6
010.43116932,55.36432273,18.5
010.43116858,55.36432246,18.5
010.43116760,55.36432220,18.5
010.43116683,55.36432195,18.5
010.43116615,55.36432164,18.5
010.43116513,55.36432139,18.4
010.43116453,55.36432131,18.4
010.43116364,55.36432104,18.4
010.43116271,55.36432075,18.4
010.43116190,55.36432053,18.4
010.43116086,55.36432033,18.4
010.43116004,55.36431997,18.4
010.43115896,55.36431984,18.3
010.43115795,55.36431949,18.3
010.43115716,55.36431898,18.3
010.43115640,55.36431876,18.3
010.43115568,55.36431847,18.3
010.43115492,55.36431828,18.3
010.43115394,55.36431795,18.2
010.43115317,55.36431768,18.2
010.43115196,55.36431714,18.1
010.43115130,55.36431705,18.1
010.43115047,55.36431663,18.1
010.43114996,55.36431646,18.1
010.43114923,55.36431599,18.1
010.43114851,55.36431567,18.1
010.43114786,55.36431543,18.1
010.43114707,55.36431512,18.0
010.43114633,55.36431481,18.0
010.43114583,55.36431447,18.0
010.43114512,55.36431417,18.0
010.43114445,55.36431384,18.0
010.43114368,55.36431358,18.0
010.43114345,55.36431323,18.0
010.43114259,55.36431301,18.0
010.43114204,55.36431279,17.9
010.43114139,55.36431250,17.9
010.43114092,55.36431210,17.9
010.43114038,55.36431178,17.9
010.43113992,55.36431149,18.0
010.43113936,55.36431117,18.0
010.43113892,55.36431083,17.9
010.43113839,55.36431053,17.9
010.43113793,55.36431023,18.0
010.43113753,55.36430995,18.0
010.43113717,55.36430962,18.0
010.43113684,55.36430915,18.0
010.43113650,55.36430883,18.0
010.43113613,55.36430847,18.0
010.43113578,55.36430812,18.0
010.43113530,55.36430774,18.0
010.43113493,55.36430741,18.0
010.43113453,55.36430719,18.0
010.43113437,55.36430684,18.0
010.43113392,55.36430659,18.0
010.43113372,55.36430632,18.0
010.43113343,55.36430602,18.1
010.43113320,55.36430580,18.0
010.43113291,55.36430553,18.0
010.43113247,55.36430528,18.0
010.43113222,55.36430502,18.1
010.43113201,55.36430475,18.1
010.43113190,55.36430451,18.1
010.43113165,55.36430417,18.1
010.43113145,55.36430407,18.2
010.43113128,55.36430383,18.2
010.43113125,55.36430366,18.2
010.43113114,55.36430334,18.2
010.43113101,55.36430315,18.2
010.43113079,55.36430288,18.2
010.43113073,55.36430283,18.3
010.43113060,55.36430275,18.3
010.43113062,55.36430256,18.4
010.43113040,55.36430250,18.4
010.43113044,55.36430223,18.4
010.43113041,55.36430205,18.4
010.43113038,55.36430198,18.4
010.43113039,55.36430193,18.5
010.43113051,55.36430201,18.5
010.43113063,55.36430191,18.5
010.43113051,55.36430162,18.5
010.43113071,55.36430151,18.5
010.43113084,55.36430145,18.5
010.43113103,55.36430140,18.6
010.43113101,55.36430143,18.6
010.43113124,55.36430131,18.6
010.43113125,55.36430131,18.6
010.43113121,55.36430140,18.6
010.43113120,55.36430140,18.7
010.43113115,55.36430145,18.7
010.43113116,55.36430150,18.7
010.43113143,55.36430163,18.8
010.43113135,55.36430159,18.8
010.43113119,55.36430174,18.8
010.43113109,55.36430196,18.8
010.43113120,55.36430218,18.9
010.43113078,55.36430234,18.9
010.43113067,55.36430256,18.9
010.43113074,55.36430275,19.0
010.43113054,55.36430306,19.0
010.43113070,55.36430356,19.0
010.43113052,55.36430367,19.0
010.43113028,55.36430377,19.0
010.43113023,55.36430405,19.0
010.43113018,55.36430424,19.0
010.43113020,55.36430451,19.1
010.43113022,55.36430470,19.1
010.43113018,55.36430494,19.1
010.43113021,55.36430515,19.1
010.43113022,55.36430536,19.1
010.43113011,55.36430559,19.1
010.43113004,55.36430579,19.1
010.43113001,55.36430599,19.1
010.43112995,55.36430624,19.1
010.43112989,55.36430642,19.1
010.43112978,55.36430652,19.2
010.43112976,55.36430668,19.2
010.43112968,55.36430678,19.2
010.43112958,55.36430689,19.2
010.43112949,55.36430701,19.2
010.43112937,55.36430717,19.2
010.43112926,55.36430726,19.2
010.43112910,55.36430738,19.3
010.43112897,55.36430750,19.3
010.43112884,55.36430762,19.3
010.43112867,55.36430775,19.3
010.43112842,55.36430779,19.3
010.43112816,55.36430787,19.3
010.43112800,55.36430796,19.3
010.43112793,55.36430820,19.4
010.43112775,55.36430818,19.3
010.43112767,55.36430829,19.3
010.43112753,55.36430842,19.3
010.43112737,55.36430861,19.3
010.43112717,55.36430870,19.3
010.43112712,55.36430886,19.3
010.43112692,55.36430904,19.3
010.43112676,55.36430919,19.3
010.43112664,55.36430933,19.2
010.43112654,55.36430945,19.2
010.43112636,55.36430952,19.3
010.43112625,55.36430971,19.2
010.43112608,55.36430984,19.2
010.43112593,55.36430999,19.2
010.43112578,55.36431014,19.2
010.43112571,55.36431025,19.2
010.43112553,55.36431039,19.2
010.43112545,55.36431061,19.2
010.43112529,55.36431077,19.2
010.43112506,55.36431115,19.2
010.43112485,55.36431148,19.2
010.43112472,55.36431178,19.2
010.43112450,55.36431208,19.2
010.43112427,55.36431247,19.1
010.43112393,55.36431284,19.1
010.43112371,55.36431338,19.1
010.43112341,55.36431380,19.1
010.43112292,55.36431423,19.1
010.43112264,55.36431472,19.1
010.43112246,55.36431532,19.1
010.43112213,55.36431585,19.1
010.43112176,55.36431646,19.1
010.43112134,55.36431693,19.1
010.43112086,55.36431750,19.1
010.43112048,55.36431809,19.0
010.43112001,55.36431870,19.0
010.43111959,55.36431925,19.0
010.43111915,55.36431993,19.0
010.43111871,55.36432063,19.0
010.43111812,55.36432129,19.0
010.43111759,55.36432194,19.0
010.43111704,55.36432264,19.0
010.43111660,55.36432316,18.9
010.43111604,55.36432375,18.9
010.43111549,55.36432444,18.9
010.43111499,55.36432508,18.9
010.43111439,55.36432566,18.9
010.43111376,55.36432629,18.9
010.43111330,55.36432696,18.9
010.43111275,55.36432750,18.9
010.43111215,55.36432799,18.9
010.43111186,55.36432870,18.9
010.43111119,55.36432937,18.8
010.43111081,55.36432995,18.9
010.43111028,55.36433046,18.8
010.43110978,55.36433113,18.8
010.43110924,55.36433173,18.9
010.43110877,55.36433237,18.9
010.43110834,55.36433300,18.8
010.43110797,55.36433351,18.8
010.43110747,55.36433412,18.8
010.43110698,55.36433476,18.8
010.43110665,55.36433539,18.8
010.43110625,55.36433585,18.8
010.43110591,55.36433652,18.8
010.43110554,55.36433712,18.8
010.43110510,55.36433764,18.8
010.43110472,55.36433819,18.8
010.43110432,55.36433883,18.8
010.43110400,55.36433940,18.8
010.43110363,55.36434010,18.8
010.43110327,55.36434063,18.8
010.43110294,55.36434126,18.8
010.43110265,55.36434190,18.8
010.43110219,55.36434246,18.8
010.43110188,55.36434300,18.8
010.43110156,55.36434358,18.8
010.43110134,55.36434415,18.8
010.43110107,55.36434467,18.8
010.43110075,55.36434517,18.8
010.43110048,55.36434571,18.8
010.43110017,55.36434622,18.8
010.43109979,55.36434664,18.8
010.43109969,55.36434721,18.8
010.43109939,55.36434758,18.8
010.43109936,55.36434816,18.8
010.43109926,55.36434866,18.8
010.43109895,55.36434913,18.8
010.43109882,55.36434964,18.9
010.43109863,55.36435004,18.9
010.43109831,55.36435051,18.9
010.43109816,55.36435097,18.9
010.43109809,55.36435147,18.9
010.43109770,55.36435197,18.9
010.43109754,55.36435241,18.9
010.43109726,55.36435284,18.9
010.43109710,55.36435334,18.9
010.43109686,55.36435382,18.9
010.43109661,55.36435421,19.0
010.43109643,55.36435464,19.0
010.43109623,55.36435503,19.0
010.43109608,55.36435533,19.0
010.43109601,55.36435565,19.0
010.43109581,55.36435600,19.0
010.43109570,55.36435625,19.1
010.43109561,55.36435649,19.1
010.43109551,55.36435670,19.1
010.43109538,55.36435693,19.1
010.43109523,55.36435696,19.1
010.43109508,55.36435714,19.1
010.43109507,55.36435742,19.1
010.43109512,55.36435752,19.2
010.43109503,55.36435764,19.2
010.43109507,55.36435786,19.2
010.43109495,55.36435807,19.2
010.43109505,55.36435814,19.2
010.43109502,55.36435827,19.2
010.43109497,55.36435841,19.3
010.43109474,55.36435839,19.3
010.43109480,55.36435840,19.3
010.43109474,55.36435852,19.3
010.43109477,55.36435863,19.4
010.43109452,55.36435854,19.3
010.43109423,55.36435855,19.3
010.43109404,55.36435855,19.4
010.43109378,55.36435851,19.4
010.43109329,55.36435850,19.4
010.43109295,55.36435835,19.4
010.43109247,55.36435823,19.4
010.43109197,55.36435806,19.4
010.43109140,55.36435794,19.4
010.43109080,55.36435784,19.4
010.43109026,55.36435770,19.5
010.43108954,55.36435752,19.5
010.43108863,55.36435740,19.5
010.43108790,55.36435729,19.4
010.43108709,55.36435719,19.4
010.43108622,55.36435697,19.5
010.43108540,55.36435703,19.5
010.43108448,55.36435695,19.5
010.43108359,55.36435683,19.5
010.43108269,55.36435673,19.5
010.43108182,55.36435662,19.5
010.43108105,55.36435644,19.5
010.43108016,55.36435636,19.6
010.43107932,55.36435622,19.6
010.43107839,55.36435619,19.5
010.43107763,55.36435609,19.6
010.43107690,55.36435608,19.6
010.43107606,55.36435605,19.6
010.43107533,55.36435603,19.6
010.43107463,55.36435596,19.6
010.43107395,55.36435583,19.7
010.43107327,55.36435572,19.7
010.43107257,55.36435567,19.6
010.43107197,55.36435546,19.7
010.43107131,55.36435519,19.7
010.43107075,55.36435496,19.7
010.43107001,55.36435474,19.6
010.43106960,55.36435432,19.6
010.43106919,55.36435398,19.6
010.43106876,55.36435357,19.6
010.43106830,55.36435328,19.6
010.43106773,55.36435288,19.6
010.43106757,55.36435233,19.6
010.43106718,55.36435189,19.6
010.43106668,55.36435143,19.6
010.43106621,55.36435098,19.6
010.43106583,55.36435052,19.6
010.43106555,55.36435004,19.6
010.43106508,55.36434957,19.6
010.43106477,55.36434911,19.6
010.43106440,55.36434863,19.6
010.43106403,55.36434814,19.6
010.43106370,55.36434765,19.6
010.43106328,55.36434725,19.7
010.43106302,55.36434669,19.7
010.43106272,55.36434615,19.7
010.43106234,55.36434564,19.7
010.43106201,55.36434517,19.7
010.43106173,55.36434480,19.7
010.43106141,55.36434433,19.7
010.43106107,55.36434393,19.7
010.43106067,55.36434345,19.7
010.43106033,55.36434302,19.7
010.43106010,55.36434260,19.7
010.43105970,55.36434215,19.7
010.43105949,55.36434179,19.7
010.43105920,55.36434151,19.7
010.43105881,55.36434116,19.7
010.43105850,55.36434082,19.7
010.43105826,55.36434057,19.7
010.43105794,55.36434014,19.7
010.43105771,55.36433990,19.8
010.43105745,55.36433959,19.8
010.43105723,55.36433926,19.8
010.43105697,55.36433896,19.7
010.43105681,55.36433867,19.8
010.43105660,55.36433838,19.7
010.43105629,55.36433807,19.7
010.43105603,55.36433784,19.7
010.43105585,55.36433763,19.7
010.43105567,55.36433735,19.7
010.43105555,55.36433701,19.7
010.43105534,55.36433679,19.7
010.43105511,55.36433655,19.7
010.43105486,55.36433627,19.7
010.43105476,55.36433608,19.7
010.43105454,55.36433586,19.7
010.43105431,55.36433565,19.7
010.43105412,55.36433539,19.6
010.43105390,55.36433522,19.6
010.43105368,55.36433502,19.6
010.43105335,55.36433482,19.6
010.43105289,55.36433454,19.6
010.43105257,55.36433434,19.6
010.43105215,55.36433410,19.6
010.43105174,55.36433383,19.5
010.43105147,55.36433372,19.5
010.43105102,55.36433356,19.5
010.43105059,55.36433346,19.5
010.43105028,55.36433328,19.5
010.43104974,55.36433298,19.5
010.43104953,55.36433276,19.5
010.43104899,55.36433261,19.4
010.43104865,55.36433243,19.4
010.43104837,55.36433220,19.4
010.43104804,55.36433193,19.4
010.43104772,55.36433177,19.4
010.43104742,55.36433158,19.4
010.43104688,55.36433132,19.3
010.43104657,55.36433128,19.3
010.43104627,55.36433117,19.3
010.43104593,55.36433096,19.3
010.43104567,55.36433081,19.3
010.43104538,55.36433064,19.3
010.43104515,55.36433052,19.2
010.43104497,55.36433038,19.2
010.43104483,55.36433023,19.2
010.43104467,55.36433008,19.2
010.43104464,55.36432999,19.2
010.43104422,55.36433006,19.1
010.43104411,55.36432997,19.1
010.43104419,55.36432980,19.1
010.43104414,55.36432974,19.1
010.43104407,55.36432961,19.1
010.43104406,55.36432958,19.1
010.43104410,55.36432958,19.0
010.43104414,55.36432947,19.0
010.43104419,55.36432949,19.0
010.43104419,55.36432947,19.0
010.43104419,55.36432934,18.9
010.43104413,55.36432927,18.9
010.43104436,55.36432946,18.9
010.43104436,55.36432950,18.9
010.43104444,55.36432927,18.8
010.43104452,55.36432918,18.8
010.43104449,55.36432921,18.8
010.43104451,55.36432919,18.8
010.43104471,55.36432927,18.7
010.43104465,55.36432920,18.7
010.43104457,55.36432916,18.7
010.43104463,55.36432909,18.7
010.43104458,55.36432888,18.7
010.43104474,55.36432894,18.6
010.43104476,55.36432887,18.6
010.43104465,55.36432867,18.6
010.43104453,55.36432852,18.6
010.43104467,55.36432859,18.6
010.43104454,55.36432851,18.6
010.43104441,55.36432849,18.6
010.43104444,55.36432840,18.6
010.43104438,55.36432836,18.6
010.43104425,55.36432829,18.6
010.43104421,55.36432829,18.6
010.43104404,55.36432826,18.6
010.43104389,55.36432809,18.6
010.43104378,55.36432804,18.6
010.43104368,55.36432801,18.6
010.43104359,55.36432795,18.6
010.43104353,55.36432791,18.6
010.43104327,55.36432793,18.6
010.43104317,55.36432789,18.6
010.43104327,55.36432804,18.6
010.43104313,55.36432805,18.6
010.43104304,55.36432805,18.6
010.43104298,55.36432807,18.6
010.43104288,55.36432808,18.6
010.43104274,55.36432810,18.6
010.43104269,55.36432813,18.6
010.43104266,55.36432813,18.6
010.43104260,55.36432820,18.6
010.43104266,55.36432815,18.6
010.43104271,55.36432838,18.7
010.43104255,55.36432825,18.7
010.43104265,55.36432824,18.7
010.43104263,55.36432823,18.7
010.43104262,55.36432825,18.7
010.43104268,55.36432823,18.7
010.43104272,55.36432824,18.7
010.43104283,55.36432823,18.7
010.43104293,55.36432824,18.8
010.43104303,55.36432823,18.8
010.43104302,55.36432822,18.8
010.43104310,55.36432827,18.8
010.43104314,55.36432834,18.8
010.43104318,55.36432834,18.8
010.43104324,55.36432834,18.8
010.43104334,55.36432827,18.8
010.43104334,55.36432836,18.8
010.43104345,55.36432837,18.8
010.43104344,55.36432839,18.8
010.43104369,55.36432837,18.8
010.43104369,55.36432842,18.8
010.43104374,55.36432847,18.8
010.43104379,55.36432855,18.8
010.43104387,55.36432844,18.8
010.43104397,55.36432848,18.9
010.43104410,55.36432856,18.9
010.43104415,55.36432859,18.9
010.43104423,55.36432867,18.9
010.43104433,55.36432866,18.9
010.43104436,55.36432867,18.9
010.43104446,55.36432872,18.9
010.43104464,55.36432878,18.9
010.43104475,55.36432884,18.9
010.43104484,55.36432885,18.9
010.43104499,55.36432884,18.9
010.43104501,55.36432899,18.9
010.43104503,55.36432902,18.9
010.43104510,55.36432898,18.9
010.43104517,55.36432903,18.9
010.43104517,55.36432901,18.9
010.43104514,55.36432897,18.9
010.43104516,55.36432901,18.9
010.43104520,55.36432902,18.9
010.43104520,55.36432902,18.9
010.43104515,55.36432899,18.9
010.43104525,55.36432896,18.9
010.43104524,55.36432889,18.9
010.43104519,55.36432884,18.9
010.43104509,55.36432879,18.9
010.43104507,55.36432871,18.9
010.43104506,55.36432862,18.9
010.43104504,55.36432860,18.9
010.43104498,55.36432857,18.9
010.43104497,55.36432848,18.9
010.43104492,55.36432842,18.9
010.43104492,55.36432839,18.9
010.43104491,55.36432833,18.9
010.43104493,55.36432831,18.9
010.43104497,55.36432831,19.0
010.43104498,55.36432825,19.0
010.43104498,55.36432818,18.9
010.43104501,55.36432820,19.0
010.43104502,55.36432820,19.0
010.43104502,55.36432814,19.0
010.43104505,55.36432811,19.0
010.43104506,55.36432811,19.0
010.43104509,55.36432812,19.0
010.43104517,55.36432810,19.0
010.43104509,55.36432806,19.0
010.43104508,55.36432804,19.0
010.43104511,55.36432801,19.0
010.43104515,55.36432796,19.0
010.43104517,55.36432795,19.0
010.43104522,55.36432796,19.0
010.43104520,55.36432799,19.0
010.43104523,55.36432800,18.9
010.43104520,55.36432798,19.0
010.43104516,55.36432795,18.9
010.43104517,55.36432795,18.9
010.43104513,55.36432797,18.9
010.43104514,55.36432801,18.9
010.43104515,55.36432801,18.9
010.43104516,55.36432795,18.9
010.43104514,55.36432802,18.9
010.43104511,55.36432801,18.9
010.43104511,55.36432799,18.9
010.43104513,55.36432798,18.9
010.43104516,55.36432799,18.9
010.43104529,55.36432797,18.9
010.43104518,55.36432799,18.9
010.43104518,55.36432788,18.9
010.43104522,55.36432789,18.9
010.43104522,55.36432782,18.9
010.43104521,55.36432779,18.9
010.43104525,55.36432779,18.9
010.43104525,55.36432777,18.9
010.43104523,55.36432771,18.8
010.43104525,55.36432768,18.8
010.43104528,55.36432768,18.8
010.43104528,55.36432762,18.8
010.43104530,55.36432757,18.8
010.43104529,55.36432754,18.8
010.43104531,55.36432749,18.8
010.43104537,55.36432748,18.8
010.43104540,55.36432748,18.8
010.43104542,55.36432749,18.8
010.43104545,55.36432746,18.7
010.43104540,55.36432745,18.7
010.43104542,55.36432743,18.7
010.43104553,55.36432742,18.7
010.43104551,55.36432734,18.7
010.43104566,55.36432756,18.7
010.43104564,55.36432738,18.6
010.43104565,55.36432743,18.6
010.43104566,55.36432752,18.6
010.43104572,55.36432751,18.6
010.43104571,55.36432753,18.6
010.43104572,55.36432753,18.6
010.43104577,55.36432753,18.6
010.43104580,55.36432754,18.6
010.43104582,55.36432756,18.6
010.43104590,55.36432756,18.6
010.43104602,55.36432761,18.6
010.43104611,55.36432760,18.6
010.43104627,55.36432763,18.6
010.43104640,55.36432764,18.6
010.43104656,55.36432761,18.6
010.43104667,55.36432757,18.6
010.43104673,55.36432756,18.6
010.43104686,55.36432757,18.6
010.43104698,55.36432755,18.6
010.43104709,55.36432755,18.6
010.43104723,55.36432749,18.6
010.43104738,55.36432748,18.6
010.43104749,55.36432747,18.6
010.43104760,55.36432746,18.6
010.43104767,55.36432744,18.6
010.43104772,55.36432740,18.6
010.43104784,55.36432739,18.6
010.43104793,55.36432732,18.6
010.43104796,55.36432738,18.6
010.43104797,55.36432736,18.6
010.43104799,55.36432738,18.6
010.43104801,55.36432740,18.6
010.43104802,55.36432740,18.6
010.43104796,55.36432739,18.6
010.43104794,55.36432738,18.7
010.43104796,55.36432741,18.7
010.43104798,55.36432745,18.7
010.43104782,55.36432742,18.7
010.43104781,55.36432744,18.7
010.43104781,55.36432742,18.7
010.43104778,55.36432745,18.7
010.43104773,55.36432748,18.7
010.43104763,55.36432752,18.7
010.43104759,55.36432758,18.8
010.43104753,55.36432760,18.8
010.43104740,55.36432761,18.8
010.43104732,55.36432766,18.8
010.43104722,55.36432774,18.8
010.43104718,55.36432785,18.8
010.43104704,55.36432777,18.8
010.43104679,55.36432787,18.8
010.43104669,55.36432793,18.8
010.43104651,55.36432798,18.8
010.43104638,55.36432804,18.9
010.43104617,55.36432809,18.9
010.43104610,55.36432817,18.9
010.43104602,55.36432822,18.9
010.43104596,55.36432820,18.9
010.43104581,55.36432821,18.9
010.43104576,55.36432824,19.0
010.43104564,55.36432827,19.0
010.43104553,55.36432830,19.0
010.43104546,55.36432836,19.0
010.43104540,55.36432843,19.0
010.43104529,55.36432847,19.0
010.43104519,55.36432850,19.0
010.43104513,55.36432857,19.0
010.43104503,55.36432866,19.0
010.43104493,55.36432874,19.0
010.43104484,55.36432880,19.0
010.43104474,55.36432886,19.0
010.43104468,55.36432893,19.0
010.43104458,55.36432898,19.0
010.43104451,55.36432904,19.0
010.43104443,55.36432905,19.0
010.43104436,55.36432905,19.1
010.43104428,55.36432913,19.1
010.43104418,55.36432908,19.1
010.43104401,55.36432907,19.1
010.43104387,55.36432900,19.1
010.43104373,55.36432903,19.1
010.43104360,55.36432899,19.1
010.43104346,55.36432899,19.2
010.43104343,55.36432895,19.2
010.43104341,55.36432898,19.2
010.43104335,55.36432894,19.2
010.43104321,55.36432884,19.3
010.43104299,55.36432884,19.2
010.43104292,55.36432868,19.3
010.43104288,55.36432860,19.3
010.43104292,55.36432863,19.3
010.43104291,55.36432853,19.3
010.43104288,55.36432840,19.4
010.43104276,55.36432828,19.4
010.43104266,55.36432822,19.4
010.43104250,55.36432816,19.4
010.43104266,55.36432819,19.5
010.43104244,55.36432817,19.5
010.43104245,55.36432814,19.5
010.43104223,55.36432804,19.5
010.43104210,55.36432787,19.6
010.43104204,55.36432777,19.6
010.43104185,55.36432770,19.6
010.43104198,55.36432766,19.6
010.43104183,55.36432763,19.7
010.43104153,55.36432758,19.7
010.43104145,55.36432760,19.7
010.43104126,55.36432750,19.7
010.43104124,55.36432727,19.8
010.43104131,55.36432723,19.8
010.43104122,55.36432713,19.8
010.43104113,55.36432692,19.9
010.43104104,55.36432675,19.9
010.43104092,55.36432661,19.9
010.43104100,55.36432658,19.9
010.43104102,55.36432637,19.9
010.43104096,55.36432607,20.0
010.43104115,55.36432575,20.0
010.43104120,55.36432560,20.0
010.43104143,55.36432519,20.0
010.43104166,55.36432489,20.1
010.43104193,55.36432468,20.1
010.43104211,55.36432442,20.1
010.43104229,55.36432401,20.1
010.43104246,55.36432372,20.1
010.43104267,55.36432342,20.2
010.43104292,55.36432307,20.2
010.43104318,55.36432267,20.3
010.43104345,55.36432246,20.3
010.43104364,55.36432207,20.3
010.43104387,55.36432184,20.3
010.43104392,55.36432140,20.4
010.43104419,55.36432117,20.4
010.43104433,55.36432082,20.5
010.43104444,55.36432052,20.5
010.43104456,55.36432029,20.5
010.43104476,55.36432008,20.6
010.43104486,55.36431985,20.6
010.43104482,55.36431932,20.6
010.43104488,55.36431927,20.6
010.43104491,55.36431917,20.7
010.43104504,55.36431890,20.7
010.43104501,55.36431855,20.7
010.43104480,55.36431824,20.8
010.43104468,55.36431818,20.8
010.43104429,55.36431795,20.8
010.43104419,55.36431773,20.9
010.43104409,55.36431746,20.9
010.43104370,55.36431720,20.9
010.43104340,55.36431702,20.9
010.43104314,55.36431703,21.0
010.43104261,55.36431673,21.0
010.43104245,55.36431650,21.0
010.43104237,55.36431648,21.0
010.43104204,55.36431634,21.1
010.43104166,55.36431607,21.1
010.43104142,55.36431574,21.1
010.43104137,55.36431599,21.2
010.43104105,55.36431565,21.2
010.43104080,55.36431572,21.2
010.43104056,55.36431554,21.2
010.43104068,55.36431558,21.3
010.43104077,55.36431541,21.3
010.43104059,55.36431522,21.4
010.43104037,55.36431497,21.4
010.43104036,55.36431506,21.4
010.43104049,55.36431502,21.5
010.43104035,55.36431495,21.5
010.43104019,55.36431472,21.5
010.43103998,55.36431452,21.5
010.43103991,55.36431454,21.6
010.43103979,55.36431449,21.6
010.43103988,55.36431441,21.6
010.43103982,55.36431426,21.6
010.43103959,55.36431406,21.7
010.43103935,55.36431403,21.7
010.43103948,55.36431406,21.7
010.43103920,55.36431353,21.7
010.43103918,55.36431348,21.8
010.43103905,55.36431347,21.9
010.43103876,55.36431318,21.9
010.43103883,55.36431320,21.9
010.43103871,55.36431291,22.0
010.43103834,55.36431287,22.0
010.43103827,55.36431271,22.1
010.43103822,55.36431250,22.1
010.43103794,55.36431246,22.2
010.43103768,55.36431226,22.2
010.43103750,55.36431219,22.3
010.43103726,55.36431204,22.3
010.43103720,55.36431192,22.4
010.43103703,55.36431171,22.4
010.43103662,55.36431183,22.5
010.43103632,55.36431167,22.5
010.43103626,55.36431152,22.6
010.43103604,55.36431145,22.6
010.43103577,55.36431134,22.7
010.43103549,55.36431127,22.7
010.43103529,55.36431130,22.7
010.43103489,55.36431115,22.7
010.43103480,55.36431103,22.8
010.43103442,55.36431110,22.9
010.43103433,55.36431085,22.9
010.43103417,55.36431102,23.0
010.43103383,55.36431081,23.0
010.43103330,55.36431081,23.0
010.43103297,55.36431074,23.1
010.43103293,55.36431064,23.2
010.43103240,55.36431057,23.2
010.43103197,55.36431044,23.2
010.43103175,55.36431043,23.3
010.43103107,55.36431033,23.3
010.43103054,55.36431022,23.4
010.43103014,55.36431007,23.4
010.43102957,55.36430991,23.4
010.43102895,55.36430980,23.5
010.43102821,55.36430978,23.5
010.43102775,55.36430950,23.6
010.43102706,55.36430929,23.7
010.43102630,55.36430921,23.7
010.43102538,55.36430902,23.7
010.43102469,55.36430875,23.8
010.43102386,55.36430852,23.9
010.43102300,55.36430832,23.9
010.43102201,55.36430809,23.9
010.43102120,55.36430796,24.0
010.43102009,55.36430782,24.1
010.43101887,55.36430749,24.1
010.43101789,55.36430719,24.2
010.43101665,55.36430711,24.2
010.43101558,55.36430671,24.2
010.43101457,55.36430647,24.3
010.43101352,55.36430638,24.4
010.43101231,55.36430616,24.4
010.43101149,55.36430590,24.5
010.43101018,55.36430541,24.4
010.43100923,55.36430527,24.5
010.43100825,55.36430484,24.6
010.43100746,55.36430475,24.6
010.43100650,55.36430440,24.7
010.43100538,55.36430418,24.7
010.43100472,55.36430410,24.8
010.43100396,55.36430376,24.9
010.43100311,55.36430341,24.9
010.43100222,55.36430324,24.9
010.43100132,55.36430304,24.9
010.43100054,55.36430293,25.0
010.43099990,55.36430266,25.0
010.43099953,55.36430261,25.1
010.43099877,55.36430245,25.2
010.43099791,55.36430220,25.2
010.43099728,55.36430210,25.2
010.43099690,55.36430198,25.2
010.43099652,55.36430201,25.3
010.43099586,55.36430197,25.3
010.43099558,55.36430183,25.3
010.43099516,55.36430185,25.4
010.43099486,55.36430187,25.4
010.43099467,55.36430188,25.4
010.43099437,55.36430191,25.4
010.43099406,55.36430190,25.5
010.43099381,55.36430196,25.5
010.43099351,55.36430200,25.5
010.43099317,55.36430214,25.4
010.43099295,55.36430224,25.5
010.43099282,55.36430240,25.5
010.43099262,55.36430241,25.5
010.43099245,55.36430243,25.6
010.43099232,55.36430244,25.6
010.43099221,55.36430262,25.6
010.43099207,55.36430274,25.6
010.43099190,55.36430288,25.6
010.43099182,55.36430299,25.7
010.43099169,55.36430309,25.7
010.43099158,55.36430317,25.7
010.43099132,55.36430313,25.7
010.43099100,55.36430307,25.7
010.43099108,55.36430331,25.7
010.43099098,55.36430333,25.7
010.43099082,55.36430338,25.8
010.43099068,55.36430350,25.8
010.43099062,55.36430358,25.8
010.43099053,55.36430364,25.8
010.43099046,55.36430365,25.8
010.43099031,55.36430366,25.9
010.43099030,55.36430369,25.9
010.43099023,55.36430367,25.9
010.43099020,55.36430366,25.9
010.43099013,55.36430364,25.9
010.43099004,55.36430349,26.0
010.43099018,55.36430357,26.0
010.43099005,55.36430334,26.0
010.43098998,55.36430314,26.0
010.43099000,55.36430305,26.0
010.43098993,55.36430292,26.0
010.43098993,55.36430272,26.1
010.43099000,55.36430270,26.1
010.43098994,55.36430263,26.1
010.43099012,55.36430246,26.1
010.43099000,55.36430236,26.2
010.43099003,55.36430217,26.2
010.43098995,55.36430201,26.2
010.43098999,55.36430184,26.2
010.43098991,55.36430161,26.2
010.43098992,55.36430143,26.2
010.43098988,55.36430126,26.3
010.43098983,55.36430117,26.3
010.43098983,55.36430100,26.3
010.43098976,55.36430089,26.3
010.43098979,55.36430076,26.3
010.43098975,55.36430066,26.3
010.43098969,55.36430057,26.3
010.43098966,55.36430046,26.3
010.43098970,55.36430034,26.3
010.43098970,55.36430020,26.4
010.43098968,55.36430012,26.4
010.43098963,55.36429993,26.4
010.43098964,55.36429979,26.4
010.43098975,55.36429967,26.4
010.43098972,55.36429962,26.4
010.43098974,55.36429960,26.4
010.43098971,55.36429949,26.5
010.43098966,55.36429940,26.5
010.43098968,55.36429930,26.5
010.43098971,55.36429924,26.5
010.43098969,55.36429910,26.4
010.43098976,55.36429908,26.5
010.43098981,55.36429904,26.5
010.43098979,55.36429899,26.5
010.43098978,55.36429886,26.4
010.43098979,55.36429888,26.5
010.43098977,55.36429879,26.4
010.43098981,55.36429868,26.4
010.43098977,55.36429868,26.4
010.43098978,55.36429867,26.4
010.43098961,55.36429860,26.4
010.43098960,55.36429855,26.4
010.43098960,55.36429855,26.4
010.43098957,55.36429852,26.4
010.43098948,55.36429851,26.3
010.43098944,55.36429851,26.3
010.43098927,55.36429847,26.3
010.43098919,55.36429850,26.4
010.43098916,55.36429845,26.3
010.43098910,55.36429845,26.3
010.43098904,55.36429839,26.3
010.43098897,55.36429833,26.3
010.43098889,55.36429828,26.3
010.43098881,55.36429827,26.3
010.43098872,55.36429826,26.3
010.43098869,55.36429817,26.3
010.43098860,55.36429813,26.3
010.43098857,55.36429808,26.3
010.43098855,55.36429800,26.3
010.43098849,55.36429789,26.2
010.43098845,55.36429779,26.2
010.43098844,55.36429773,26.2
010.43098843,55.36429768,26.2
010.43098842,55.36429753,26.2
010.43098846,55.36429741,26.1
010.43098855,55.36429734,26.1
010.43098872,55.36429721,26.1
010.43098884,55.36429710,26.1
010.43098884,55.36429704,26.1
010.43098889,55.36429705,26.1
010.43098881,55.36429692,26.0
010.43098916,55.36429687,26.0
010.43098922,55.36429675,26.0
010.43098933,55.36429683,26.0
010.43098930,55.36429676,26.0
010.43098948,55.36429680,25.9
010.43098966,55.36429678,25.9
010.43098979,55.36429677,25.9
010.43098992,55.36429666,25.9
010.43098995,55.36429668,25.8
010.43098989,55.36429655,25.8
010.43099003,55.36429657,25.8
010.43099022,55.36429652,25.8
010.43099037,55.36429641,25.7
010.43099040,55.36429625,25.7
010.43099050,55.36429641,25.7
010.43099062,55.36429623,25.7
010.43099059,55.36429625,25.6
010.43099075,55.36429627,25.6
010.43099082,55.36429624,25.6
010.43099080,55.36429629,25.5
010.43099086,55.36429629,25.5
010.43099100,55.36429602,25.5
010.43099094,55.36429608,25.4
010.43099093,55.36429610,25.4
010.43099099,55.36429615,25.4
010.43099111,55.36429610,25.4
010.43099128,55.36429618,25.4
010.43099118,55.36429602,25.3
010.43099099,55.36429603,25.3
010.43099092,55.36429606,25.3
010.43099103,55.36429617,25.3
010.43099115,55.36429612,25.3
010.43099111,55.36429620,25.3
010.43099121,55.36429619,25.3
010.43099128,55.36429616,25.3
010.43099117,55.36429628,25.2
010.43099122,55.36429640,25.2
010.43099145,55.36429628,25.2
010.43099144,55.36429640,25.2
010.43099164,55.36429637,25.1
010.43099198,55.36429639,25.1
010.43099229,55.36429638,25.1
010.43099236,55.36429671,25.1
010.43099260,55.36429670,25.0
010.43099279,55.36429674,25.0
010.43099318,55.36429673,25.0
010.43099361,55.36429671,25.0
010.43099390,55.36429699,24.9
010.43099436,55.36429703,24.9
010.43099481,55.36429690,24.9
010.43099502,55.36429713,24.8
010.43099556,55.36429705,24.7
010.43099589,55.36429707,24.7
010.43099619,55.36429716,24.6
010.43099661,55.36429736,24.6
010.43099701,55.36429727,24.6
010.43099729,55.36429737,24.6
010.43099761,55.36429729,24.5
010.43099810,55.36429731,24.5
010.43099838,55.36429737,24.4
010.43099868,55.36429731,24.4
010.43099889,55.36429733,24.3
010.43099924,55.36429748,24.3
010.43099933,55.36429740,24.3
010.43099959,55.36429738,24.2
010.43099984,55.36429740,24.2
010.43099995,55.36429737,24.1
010.43100010,55.36429747,24.1
010.43100012,55.36429743,24.1
010.43100039,55.36429719,24.0
010.43100044,55.36429728,24.0
010.43100057,55.36429713,23.9
010.43100063,55.36429722,23.9
010.43100060,55.36429721,23.8
010.43100057,55.36429711,23.8
010.43100086,55.36429705,23.8
010.43100108,55.36429696,23.8
010.43100103,55.36429689,23.7
010.43100107,55.36429697,23.7
010.43100133,55.36429692,23.6
010.43100161,55.36429689,23.6
010.43100186,55.36429700,23.6
010.43100197,55.36429707,23.5
010.43100215,55.36429722,23.5
010.43100223,55.36429706,23.4
010.43100263,55.36429732,23.4
010.43100285,55.36429741,23.4
010.43100327,55.36429765,23.4
010.43100339,55.36429782,23.4
010.43100361,55.36429804,23.4
010.43100384,55.36429849,23.3
010.43100396,55.36429870,23.3
010.43100456,55.36429889,23.3
010.43100478,55.36429916,23.2
010.43100522,55.36429949,23.2
010.43100565,55.36429984,23.2
010.43100610,55.36430011,23.2
010.43100646,55.36430048,23.2
010.43100706,55.36430098,23.2
010.43100762,55.36430130,23.2
010.43100824,55.36430164,23.2
010.43100887,55.36430196,23.2
010.43100943,55.36430235,23.2
010.43101003,55.36430264,23.2
010.43101069,55.36430292,23.2
010.43101130,55.36430318,23.2
010.43101195,55.36430344,23.2
010.43101272,55.36430374,23.2
010.43101347,55.36430413,23.3
010.43101409,55.36430427,23.3
010.43101503,55.36430479,23.3
010.43101548,55.36430477,23.3
010.43101620,55.36430502,23.3
010.43101681,55.36430523,23.4
010.43101759,55.36430546,23.4
010.43101838,55.36430566,23.4
010.43101916,55.36430589,23.4
010.43102006,55.36430639,23.4
010.43102092,55.36430672,23.4
010.43102186,55.36430699,23.5
010.43102266,55.36430732,23.5
010.43102360,55.36430769,23.5
010.43102456,55.36430800,23.4
010.43102560,55.36430850,23.5
010.43102696,55.36430897,23.6
010.43102800,55.36430945,23.7
010.43102926,55.36430992,23.7
010.43103038,55.36431025,23.7
010.43103160,55.36431073,23.7
010.43103280,55.36431133,23.7
010.43103401,55.36431190,23.7
010.43103521,55.36431253,23.7
010.43103653,55.36431316,23.6
010.43103777,55.36431380,23.6
010.43103897,55.36431445,23.6
010.43104022,55.36431509,23.6
010.43104147,55.36431585,23.6
010.43104260,55.36431648,23.6
010.43104366,55.36431726,23.6
010.43104487,55.36431801,23.6
010.43104585,55.36431851,23.5
010.43104707,55.36431925,23.5
010.43104819,55.36431993,23.5
010.43104933,55.36432072,23.4
010.43105051,55.36432130,23.4
010.43105165,55.36432197,23.4
010.43105273,55.36432267,23.4
010.43105367,55.36432337,23.3
010.43105498,55.36432410,23.4
010.43105608,55.36432499,23.3
010.43105719,55.36432586,23.3
010.43105836,55.36432640,23.3
010.43105957,55.36432712,23.2
010.43106064,55.36432786,23.2
010.43106179,55.36432848,23.2
010.43106305,55.36432939,23.2
010.43106425,55.36433000,23.2
010.43106549,55.36433077,23.1
010.43106659,55.36433152,23.1
010.43106774,55.36433206,23.0
010.43106895,55.36433279,23.0
010.43107026,55.36433362,23.0
010.43107148,55.36433434,23.0
010.43107243,55.36433475,22.9
010.43107372,55.36433550,22.9
010.43107503,55.36433641,22.8
010.43107627,55.36433714,22.8
010.43107743,55.36433767,22.8
010.43107857,55.36433826,22.7
010.43107993,55.36433916,22.7
010.43108114,55.36433969,22.6
010.43108220,55.36434027,22.6
010.43108367,55.36434106,22.6
010.43108473,55.36434180,22.5
010.43108607,55.36434255,22.5
010.43108706,55.36434311,22.4
010.43108838,55.36434388,22.4
010.43108954,55.36434465,22.4
010.43109070,55.36434523,22.3
010.43109191,55.36434612,22.3
010.43109295,55.36434671,22.2
010.43109402,55.36434730,22.2
010.43109508,55.36434802,22.1
010.43109628,55.36434896,22.0
010.43109728,55.36434967,22.0
010.43109862,55.36435053,22.0
010.43109987,55.36435128,21.9
010.43110055,55.36435150,21.9
010.43110185,55.36435258,21.8
010.43110287,55.36435345,21.8
010.43110385,55.36435411,21.7
010.43110497,55.36435476,21.7
010.43110576,55.36435521,21.6
010.43110671,55.36435595,21.5
010.43110782,55.36435665,21.5
010.43110891,55.36435748,21.5
010.43110986,55.36435816,21.4
010.43111080,55.36435886,21.3
010.43111192,55.36435953,21.3
010.43111289,55.36436022,21.2
010.43111377,55.36436103,21.2
010.43111489,55.36436164,21.1
010.43111595,55.36436233,21.1
010.43111694,55.36436300,21.1
010.43111796,55.36436369,21.0
010.43111887,55.36436434,20.9
010.43111992,55.36436501,20.9
010.43112097,55.36436570,20.8
010.43112193,55.36436636,20.8
010.43112283,55.36436703,20.8
010.43112389,55.36436762,20.7
010.43112493,55.36436813,20.6
010.43112582,55.36436854,20.6
010.43112691,55.36436925,20.5
010.43112777,55.36436965,20.5
010.43112882,55.36437027,20.5
010.43112985,55.36437084,20.5
010.43113067,55.36437132,20.4
010.43113147,55.36437164,20.4
010.43113243,55.36437195,20.3
010.43113319,55.36437230,20.3
010.43113417,55.36437286,20.3
010.43113501,55.36437328,20.3
010.43113584,55.36437373,20.3
010.43113653,55.36437406,20.3
010.43113721,55.36437437,20.2
010.43113788,55.36437466,20.2
010.43113843,55.36437493,20.2
010.43113937,55.36437514,20.2
010.43114009,55.36437545,20.2
010.43114068,55.36437569,20.1
010.43114121,55.36437598,20.1
010.43114169,55.36437621,20.1
010.43114214,55.36437633,20.1
010.43114260,55.36437644,20.1
010.43114309,55.36437658,20.1
010.43114363,55.36437677,20.1
010.43114394,55.36437683,20.0
010.43114430,55.36437688,20.1
010.43114470,55.36437694,20.0
010.43114500,55.36437697,20.1
010.43114527,55.36437702,20.0
010.43114549,55.36437705,20.1
010.43114594,55.36437705,20.1
010.43114597,55.36437708,20.1
010.43114616,55.36437704,20.1
010.43114637,55.36437706,20.1
010.43114639,55.36437706,20.0
010.43114673,55.36437699,20.1
010.43114673,55.36437700,20.1
010.43114692,55.36437696,20.1
010.43114724,55.36437696,20.1
010.43114735,55.36437694,20.1
010.43114746,55.36437693,20.1
010.43114755,55.36437695,20.1
010.43114766,55.36437691,20.1
010.43114774,55.36437688,20.1
010.43114782,55.36437688,20.1
010.43114794,55.36437685,20.1
010.43114799,55.36437684,20.1
010.43114801,55.36437683,20.2
010.43114805,55.36437682,20.2
010.43114808,55.36437682,20.2
010.43114818,55.36437680,20.2
010.43114822,55.36437678,20.2
010.43114817,55.36437678,20.2
010.43114822,55.36437681,20.2
010.43114819,55.36437682,20.2
010.43114819,55.36437680,20.2
010.43114815,55.36437682,20.2
010.43114816,55.36437682,20.2
010.43114818,55.36437689,20.2
010.43114809,55.36437691,20.2
010.43114808,55.36437694,20.2
010.43114799,55.36437698,20.2
010.43114797,55.36437706,20.2
010.43114790,55.36437713,20.2
010.43114781,55.36437718,20.2
010.43114770,55.36437723,20.2
010.43114761,55.36437727,20.2
010.43114755,55.36437731,20.2
010.43114748,55.36437739,20.2
010.43114734,55.36437745,20.2
010.43114729,55.36437749,20.2
010.43114718,55.36437757,20.2
010.43114702,55.36437762,20.2
010.43114694,55.36437769,20.2
010.43114679,55.36437770,20.2
010.43114663,55.36437776,20.2
010.43114656,55.36437776,20.2
010.43114652,55.36437780,20.2
010.43114642,55.36437784,20.2
010.43114631,55.36437782,20.2
010.43114613,55.36437781,20.2
010.43114607,55.36437787,20.2
010.43114595,55.36437791,20.2
010.43114593,55.36437790,20.2
010.43114578,55.36437790,20.2
010.43114566,55.36437791,20.2
010.43114557,55.36437791,20.1
010.43114547,55.36437792,20.1
010.43114538,55.36437789,20.1
010.43114527,55.36437790,20.1
010.43114523,55.36437789,20.1
010.43114515,55.36437794,20.1
010.43114503,55.36437784,20.1
010.43114495,55.36437780,20.1
010.43114496,55.36437788,20.1
010.43114492,55.36437794,20.0
010.43114492,55.36437805,20.0
010.43114497,55.36437820,20.0
010.43114501,55.36437829,20.0
010.43114510,55.36437844,20.0
010.43114525,55.36437856,20.0
010.43114532,55.36437876,20.0
010.43114548,55.36437908,20.0
010.43114560,55.36437943,20.0
010.43114584,55.36437968,20.0
010.43114605,55.36437995,20.0
010.43114619,55.36438033,20.0
010.43114640,55.36438068,20.0
010.43114665,55.36438106,20.0
010.43114690,55.36438138,19.9
010.43114717,55.36438183,19.9
010.43114755,55.36438228,20.0
010.43114779,55.36438275,20.0
010.43114806,55.36438316,19.9
010.43114840,55.36438355,19.9
010.43114877,55.36438398,19.9
010.43114903,55.36438448,19.9
010.43114949,55.36438492,19.9
010.43114985,55.36438547,19.9
010.43115020,55.36438600,19.9
010.43115069,55.36438640,19.9
010.43115119,55.36438679,19.8
010.43115169,55.36438725,19.8
010.43115224,55.36438774,19.8
010.43115269,55.36438820,19.8
010.43115308,55.36438860,19.7
010.43115353,55.36438913,19.7
010.43115395,55.36438954,19.7
010.43115448,55.36438998,19.7
010.43115517,55.36439035,19.7
010.43115576,55.36439078,19.7
010.43115638,55.36439121,19.7
010.43115700,55.36439156,19.7
010.43115761,55.36439195,19.7
010.43115827,55.36439237,19.6
010.43115883,55.36439277,19.6
010.43115935,55.36439313,19.6
010.43116004,55.36439350,19.6
010.43116069,55.36439407,19.5
010.43116154,55.36439448,19.5
010.43116228,55.36439489,19.5
010.43116307,55.36439530,19.5
010.43116391,55.36439574,19.5
010.43116461,55.36439613,19.5
010.43116536,55.36439651,19.5
010.43116611,55.36439697,19.5
010.43116700,55.36439733,19.5
010.43116784,55.36439770,19.5
010.43116863,55.36439811,19.5
010.43116954,55.36439863,19.5
010.43117034,55.36439905,19.5
010.43117086,55.36439926,19.5
010.43117151,55.36439949,19.5
010.43117221,55.36439978,19.5
010.43117294,55.36440005,19.5
010.43117354,55.36440030,19.5
010.43117414,55.36440057,19.4
010.43117469,55.36440082,19.4
010.43117520,55.36440096,19.4
010.43117581,55.36440107,19.4
010.43117624,55.36440114,19.4
010.43117667,55.36440119,19.4
010.43117711,55.36440123,19.4
010.43117744,55.36440132,19.4
010.43117778,55.36440125,19.4
010.43117810,55.36440126,19.4
010.43117841,55.36440125,19.4
010.43117871,55.36440119,19.4
010.43117900,55.36440116,19.4
010.43117920,55.36440113,19.4
010.43117953,55.36440104,19.4
010.43117973,55.36440099,19.4
010.43117997,55.36440098,19.4
010.43118018,55.36440091,19.4
010.43118032,55.36440083,19.4
010.43118051,55.36440077,19.4
010.43118072,55.36440071,19.4
010.43118082,55.36440067,19.4
010.43118111,55.36440061,19.4
010.43118119,55.36440042,19.4
010.43118134,55.36440039,19.4
010.43118145,55.36440031,19.4
010.43118163,55.36440029,19.4
010.43118177,55.36440024,19.4
010.43118185,55.36440019,19.4
010.43118195,55.36440014,19.4
010.43118205,55.36440014,19.4
010.43118213,55.36440007,19.4
010.43118212,55.36440008,19.4
010.43118219,55.36440008,19.4
010.43118223,55.36440011,19.4
010.43118221,55.36440011,19.4
010.43118220,55.36440010,19.4
010.43118218,55.36440011,19.4
010.43118215,55.36440012,19.4
010.43118212,55.36440013,19.5
010.43118205,55.36440011,19.5
010.43118199,55.36440014,19.5
010.43118194,55.36440016,19.5
010.43118179,55.36440022,19.5
010.43118185,55.36440033,19.5
010.43118175,55.36440037,19.5
010.43118155,55.36440023,19.5
010.43118160,55.36440039,19.5
010.43118152,55.36440040,19.5
010.43118133,55.36440033,19.5
010.43118130,55.36440039,19.5
010.43118117,55.36440043,19.5
010.43118104,55.36440047,19.5
010.43118095,55.36440050,19.5
010.43118085,55.36440053,19.5
010.43118075,55.36440062,19.6
010.43118060,55.36440065,19.5
010.43118056,55.36440068,19.6
010.43118042,55.36440073,19.6
010.43118023,55.36440079,19.6
010.43118012,55.36440082,19.6
010.43117994,55.36440084,19.6
010.43117980,55.36440085,19.6
010.43117968,55.36440094,19.6
010.43117949,55.36440091,19.6
010.43117932,55.36440094,19.6
010.43117917,55.36440101,19.6
010.43117904,55.36440107,19.6
010.43117886,55.36440114,19.6
010.43117884,55.36440132,19.6
010.43117847,55.36440121,19.6
010.43117839,55.36440129,19.6
010.43117825,55.36440134,19.6
010.43117810,55.36440145,19.6
010.43117799,55.36440149,19.6
010.43117794,55.36440171,19.6
010.43117783,55.36440156,19.6
010.43117769,55.36440162,19.6
010.43117761,55.36440168,19.7
010.43117750,55.36440172,19.7
010.43117741,55.36440176,19.7
010.43117733,55.36440181,19.7
010.43117715,55.36440189,19.7
010.43117711,55.36440200,19.7
010.43117702,55.36440195,19.7
010.43117689,55.36440205,19.7
010.43117684,55.36440212,19.7
010.43117681,55.36440216,19.7
010.43117671,55.36440218,19.7
010.43117670,55.36440231,19.7
010.43117663,55.36440229,19.7
010.43117661,55.36440235,19.7
010.43117656,55.36440238,19.7
010.43117655,55.36440245,19.7
010.43117661,55.36440253,19.7
010.43117660,55.36440260,19.7
010.43117656,55.36440261,19.7
010.43117655,55.36440263,19.7
010.43117659,55.36440271,19.7
010.43117662,55.36440271,19.7
010.43117667,55.36440270,19.7
010.43117667,55.36440273,19.7
010.43117672,55.36440272,19.7
010.43117679,55.36440271,19.7
010.43117684,55.36440272,19.7
010.43117692,55.36440269,19.7
010.43117697,55.36440264,19.7
010.43117702,55.36440261,19.7
010.43117712,55.36440258,19.7
010.43117723,55.36440252,19.7
010.43117734,55.36440247,19.7
010.43117745,55.36440247,19.7
010.43117754,55.36440238,19.7
010.43117760,55.36440231,19.7
010.43117766,55.36440220,19.7
010.43117778,55.36440214,19.7
010.43117791,55.36440204,19.7
010.43117807,55.36440192,19.7
010.43117799,55.36440174,19.7
010.43117821,55.36440179,19.7
010.43117828,55.36440172,19.7
010.43117838,55.36440161,19.7
010.43117848,55.36440154,19.7
010.43117859,55.36440143,19.7
010.43117865,55.36440135,19.7
010.43117877,55.36440123,19.7
010.43117882,55.36440111,19.7
010.43117891,55.36440105,19.7
010.43117902,55.36440096,19.7
010.43117910,55.36440084,19.7
010.43117916,55.36440075,19.6
010.43117925,55.36440069,19.6
010.43117933,55.36440058,19.6
010.43117939,55.36440057,19.7
010.43117951,55.36440045,19.6
010.43117948,55.36440029,19.6
010.43117953,55.36440031,19.6
010.43117958,55.36440024,19.6
010.43117964,55.36440016,19.6
010.43117964,55.36440009,19.6
010.43117968,55.36440003,19.6
010.43117968,55.36439994,19.6
010.43117971,55.36439986,19.6
010.43117976,55.36439974,19.6
010.43117971,55.36439969,19.6
010.43117971,55.36439960,19.6
010.43117966,55.36439952,19.6
010.43117962,55.36439944,19.5
010.43117961,55.36439935,19.5
010.43117956,55.36439924,19.5
010.43117949,55.36439920,19.5
010.43117945,55.36439911,19.5
010.43117940,55.36439902,19.5
010.43117930,55.36439898,19.5
010.43117929,55.36439885,19.5
010.43117932,55.36439897,19.5
010.43117920,55.36439885,19.5
010.43117912,55.36439872,19.5
010.43117914,55.36439865,19.4
010.43117885,55.36439847,19.4
010.43117861,55.36439832,19.4
010.43117856,55.36439822,19.4
010.43117897,55.36439846,19.4
010.43117862,55.36439817,19.4
010.43117853,55.36439804,19.4
010.43117859,55.36439824,19.4
010.43117840,55.36439791,19.3
010.43117836,55.36439788,19.3
010.43117822,55.36439781,19.3
010.43117811,55.36439777,19.3
010.43117817,55.36439787,19.3
010.43117794,55.36439769,19.3
010.43117801,55.36439786,19.3
010.43117783,55.36439769,19.3
010.43117776,55.36439768,19.3
010.43117772,55.36439766,19.3
010.43117766,55.36439762,19.2
010.43117759,55.36439755,19.2
010.43117755,55.36439761,19.2
010.43117754,55.36439760,19.2
010.43117750,55.36439754,19.2
010.43117739,55.36439751,19.2
010.43117761,55.36439788,19.2
010.43117763,55.36439792,19.2
010.43117779,55.36439808,19.2
010.43117770,55.36439807,19.2
010.43117753,55.36439798,19.2
010.43117746,55.36439797,19.2
010.43117748,55.36439800,19.2
010.43117750,55.36439803,19.2
010.43117743,55.36439804,19.2
010.43117725,55.36439803,19.1
010.43117736,55.36439795,19.1
010.43117747,55.36439811,19.2
010.43117746,55.36439814,19.2
010.43117747,55.36439819,19.2
010.43117750,55.36439824,19.2
010.43117750,55.36439828,19.2
010.43117752,55.36439830,19.2
010.43117755,55.36439836,19.2
010.43117757,55.36439838,19.2
010.43117756,55.36439841,19.2
010.43117755,55.36439842,19.2
010.43117759,55.36439842,19.2
010.43117751,55.36439832,19.2
010.43117752,55.36439834,19.2
010.43117751,55.36439840,19.2
010.43117754,55.36439839,19.2
010.43117750,55.36439840,19.2
010.43117749,55.36439843,19.2
010.43117752,55.36439848,19.2
010.43117756,55.36439847,19.2
010.43117749,55.36439840,19.2
010.43117745,55.36439837,19.2
010.43117762,55.36439844,19.3
010.43117760,55.36439851,19.3
010.43117767,55.36439845,19.3
010.43117772,55.36439847,19.3
010.43117774,55.36439850,19.4
010.43117773,55.36439851,19.4
010.43117781,55.36439855,19.4
010.43117777,55.36439860,19.4
010.43117775,55.36439871,19.4
010.43117768,55.36439869,19.5
010.43117779,55.36439856,19.4
010.43117770,55.36439863,19.5
010.43117776,55.36439857,19.5
010.43117793,55.36439869,19.5
010.43117799,55.36439873,19.5
010.43117812,55.36439877,19.5
010.43117808,55.36439877,19.6
010.43117821,55.36439883,19.6
010.43117821,55.36439887,19.6
010.43117810,55.36439890,19.7
010.43117815,55.36439890,19.7
010.43117820,55.36439883,19.6
010.43117820,55.36439907,19.7
010.43117818,55.36439918,19.7
010.43117822,55.36439927,19.7
010.43117817,55.36439927,19.7
010.43117826,55.36439922,19.7
010.43117825,55.36439911,19.8
010.43117825,55.36439916,19.8
010.43117845,55.36439931,19.9
010.43117850,55.36439937,19.9
010.43117848,55.36439932,19.9
010.43117841,55.36439923,19.9
010.43117839,55.36439919,19.9
010.43117839,55.36439907,19.9
010.43117850,55.36439911,20.0
010.43117863,55.36439898,20.0
010.43117846,55.36439893,20.0
010.43117840,55.36439876,20.0
010.43117839,55.36439870,20.0
010.43117836,55.36439854,20.1
010.43117811,55.36439835,20.0
010.43117800,55.36439805,20.1
010.43117793,55.36439776,20.1
010.43117788,55.36439745,20.1
010.43117780,55.36439720,20.1
010.43117763,55.36439691,20.1
010.43117752,55.36439655,20.2
010.43117741,55.36439617,20.2
010.43117720,55.36439572,20.2
010.43117702,55.36439535,20.2
010.43117656,55.36439464,20.2
010.43117636,55.36439434,20.3
010.43117617,55.36439384,20.3
010.43117595,55.36439342,20.3
010.43117550,55.36439292,20.3
010.43117511,55.36439245,20.3
010.43117463,55.36439198,20.3
010.43117409,55.36439163,20.3
010.43117357,55.36439116,20.3
010.43117307,55.36439074,20.4
010.43117273,55.36439030,20.4
010.43117195,55.36438997,20.4
010.43117117,55.36438966,20.4
010.43117027,55.36438938,20.4
010.43116934,55.36438915,20.4
010.43116838,55.36438885,20.4
010.43116735,55.36438859,20.4
010.43116633,55.36438833,20.4
010.43116520,55.36438800,20.4
010.43116411,55.36438767,20.4
010.43116295,55.36438736,20.4
010.43116157,55.36438691,20.3
010.43116046,55.36438657,20.3
010.43115932,55.36438615,20.3
010.43115813,55.36438570,20.3
010.43115689,55.36438518,20.3
010.43115572,55.36438456,20.3
010.43115452,55.36438397,20.3
010.43115330,55.36438342,20.2
010.43115218,55.36438270,20.2
010.43115116,55.36438195,20.2
010.43115007,55.36438122,20.2
010.43114896,55.36438050,20.2
010.43114790,55.36437975,20.2
010.43114683,55.36437900,20.2
010.43114575,55.36437819,20.2
010.43114464,55.36437745,20.2
010.43114357,55.36437664,20.2
010.43114255,55.36437597,20.2
010.43114143,55.36437508,20.2
010.43114033,55.36437425,20.2
010.43113923,55.36437351,20.2
010.43113815,55.36437277,20.2
010.43113709,55.36437194,20.2
010.43113598,55.36437111,20.2
010.43113493,55.36437032,20.2
010.43113385,55.36436962,20.2
010.43113283,55.36436894,20.2
010.43113184,55.36436815,20.2
010.43113073,55.36436733,20.2
010.43112965,55.36436665,20.2
010.43112864,55.36436601,20.2
010.43112768,55.36436538,20.2
010.43112675,55.36436479,20.3
010.43112579,55.36436417,20.3
010.43112487,55.36436365,20.3
010.43112403,55.36436314,20.3
010.43112316,55.36436263,20.3
010.43112229,55.36436224,20.3
010.43112150,55.36436176,20.3
010.43112075,55.36436134,20.3
010.43111996,55.36436095,20.3
010.43111925,55.36436060,20.3
010.43111856,55.36436028,20.3
010.43111783,55.36435994,20.3
010.43111711,55.36435959,20.3
010.43111647,55.36435919,20.4
010.43111556,55.36435892,20.3
010.43111490,55.36435859,20.3
010.43111433,55.36435814,20.3
010.43111362,55.36435785,20.3
010.43111298,55.36435750,20.3
010.43111237,55.36435715,20.3
010.43111164,55.36435669,20.3
010.43111110,55.36435627,20.3
010.43111044,55.36435578,20.3
010.43110988,55.36435536,20.3
010.43110931,55.36435486,20.3
010.43110884,55.36435441,20.3
010.43110818,55.36435391,20.3
010.43110765,55.36435344,20.3
010.43110734,55.36435299,20.3
010.43110686,55.36435253,20.3
010.43110650,55.36435193,20.3
010.43110616,55.36435147,20.3
010.43110579,55.36435110,20.3
010.43110544,55.36435062,20.3
010.43110508,55.36435012,20.2
010.43110467,55.36434974,20.2
010.43110463,55.36434923,20.2
010.43110441,55.36434882,20.2
010.43110406,55.36434854,20.1
010.43110378,55.36434821,20.0
010.43110355,55.36434774,20.1
010.43110309,55.36434760,20.0
010.43110292,55.36434723,20.0
010.43110272,55.36434688,20.0
010.43110246,55.36434648,19.9
010.43110227,55.36434644,19.9
010.43110190,55.36434623,19.9
010.43110176,55.36434590,19.8
010.43110141,55.36434583,19.8
010.43110099,55.36434581,19.7
010.43110087,55.36434562,19.7
010.43110054,55.36434553,19.7
010.43110046,55.36434539,19.7
010.43110009,55.36434522,19.7
010.43109976,55.36434517,19.6
010.43109950,55.36434519,19.6
010.43109925,55.36434517,19.5
010.43109899,55.36434519,19.5
010.43109874,55.36434493,19.4
010.43109844,55.36434493,19.4
010.43109834,55.36434493,19.4
010.43109818,55.36434485,19.4
010.43109780,55.36434483,19.4
010.43109747,55.36434472,19.3
010.43109719,55.36434483,19.3
010.43109696,55.36434468,19.3
010.43109676,55.36434457,19.3
010.43109655,55.36434457,19.3
010.43109631,55.36434445,19.3
010.43109595,55.36434436,19.3
010.43109589,55.36434438,19.3
010.43109563,55.36434429,19.2
010.43109543,55.36434424,19.2
010.43109523,55.36434410,19.2
010.43109504,55.36434400,19.2
010.43109487,55.36434390,19.2
010.43109468,55.36434395,19.2
010.43109454,55.36434391,19.2
010.43109439,55.36434385,19.1
010.43109422,55.36434383,19.1
010.43109410,55.36434381,19.1
010.43109394,55.36434374,19.1
010.43109379,55.36434356,19.1
010.43109380,55.36434356,19.1
010.43109370,55.36434350,19.1
010.43109371,55.36434339,19.1
010.43109366,55.36434336,19.0
010.43109371,55.36434326,19.0
010.43109377,55.36434320,19.0
010.43109382,55.36434317,19.0
010.43109384,55.36434313,19.0
010.43109393,55.36434305,19.0
010.43109400,55.36434309,19.0
010.43109416,55.36434303,19.0
010.43109422,55.36434304,19.0
010.43109430,55.36434306,19.0
010.43109441,55.36434302,19.0
010.43109449,55.36434300,19.0
010.43109462,55.36434301,19.0
010.43109474,55.36434302,18.9
010.43109486,55.36434303,18.9
010.43109498,55.36434301,18.9
010.43109511,55.36434302,18.9
010.43109521,55.36434306,18.9
010.43109529,55.36434300,18.9
010.43109540,55.36434302,18.9
010.43109555,55.36434299,18.9
010.43109565,55.36434301,18.9
010.43109575,55.36434298,18.9
010.43109584,55.36434300,18.9
010.43109592,55.36434295,18.9
010.43109604,55.36434290,18.9
010.43109628,55.36434298,18.9
010.43109624,55.36434279,18.9
010.43109628,55.36434281,18.9
010.43109632,55.36434276,18.9
010.43109645,55.36434264,18.9
010.43109650,55.36434253,18.9
010.43109657,55.36434244,18.9
010.43109665,55.36434238,18.9
010.43109661,55.36434233,18.9
010.43109648,55.36434236,18.9
010.43109636,55.36434227,18.9
010.43109636,55.36434246,18.9
010.43109614,55.36434252,18.9
010.43109594,55.36434257,18.9
010.43109573,55.36434264,18.9
010.43109547,55.36434283,19.0
010.43109514,55.36434308,19.0
010.43109478,55.36434341,19.0
010.43109436,55.36434366,19.0
010.43109400,55.36434386,19.0
010.43109357,55.36434430,19.0
010.43109313,55.36434461,19.0
010.43109260,55.36434494,19.0
010.43109213,55.36434539,19.0
010.43109163,55.36434582,19.0
010.43109112,55.36434629,19.0
010.43109062,55.36434679,19.1
010.43109006,55.36434722,19.1
010.43108944,55.36434769,19.1
010.43108880,55.36434828,19.1
010.43108826,55.36434881,19.1
010.43108773,55.36434932,19.1
010.43108711,55.36434991,19.1
010.43108653,55.36435035,19.1
010.43108591,55.36435084,19.1
010.43108530,55.36435146,19.1
010.43108476,55.36435206,19.2
010.43108421,55.36435259,19.2
010.43108366,55.36435314,19.2
010.43108312,55.36435369,19.2
010.43108263,55.36435428,19.2
010.43108205,55.36435496,19.2
010.43108148,55.36435577,19.3
010.43108093,55.36435620,19.2
010.43108042,55.36435679,19.3
010.43107986,55.36435745,19.3
010.43107934,55.36435807,19.3
010.43107906,55.36435890,19.3
010.43107868,55.36435963,19.4
010.43107796,55.36436015,19.3
010.43107742,55.36436083,19.4
010.43107691,55.36436143,19.3
010.43107646,55.36436220,19.4
010.43107606,55.36436301,19.4
010.43107557,55.36436374,19.4
010.43107513,55.36436438,19.4
010.43107487,55.36436519,19.5
010.43107442,55.36436596,19.5
010.43107427,55.36436702,19.5
010.43107373,55.36436741,19.5
010.43107353,55.36436825,19.5
010.43107334,55.36436905,19.6
010.43107309,55.36436991,19.6
010.43107274,55.36437078,19.6
010.43107248,55.36437152,19.5
010.43107236,55.36437222,19.6
010.43107221,55.36437319,19.6
010.43107200,55.36437393,19.5
010.43107195,55.36437476,19.6
010.43107187,55.36437558,19.6
010.43107167,55.36437637,19.6
010.43107148,55.36437723,19.6
010.43107147,55.36437796,19.5
010.43107150,55.36437882,19.5
010.43107135,55.36437961,19.5
010.43107128,55.36438047,19.5
010.43107127,55.36438124,19.5
010.43107116,55.36438202,19.5
010.43107110,55.36438288,19.5
010.43107122,55.36438359,19.5
010.43107103,55.36438452,19.5
010.43107115,55.36438525,19.5
010.43107119,55.36438620,19.5
010.43107113,55.36438701,19.5
010.43107095,55.36438794,19.5
010.43107087,55.36438876,19.4
010.43107087,55.36438951,19.4
010.43107085,55.36439032,19.4
010.43107078,55.36439122,19.4
010.43107063,55.36439193,19.4
010.43107074,55.36439282,19.4
010.43107067,55.36439352,19.4
010.43107057,55.36439426,19.4
010.43107055,55.36439512,19.4
010.43107043,55.36439591,19.3
010.43107030,55.36439667,19.3
010.43107031,55.36439741,19.3
010.43107019,55.36439820,19.3
010.43107005,55.36439898,19.3
010.43106988,55.36439977,19.3
010.43106968,55.36440055,19.3
010.43106962,55.36440130,19.3
010.43106946,55.36440200,19.3
010.43106934,55.36440276,19.3
010.43106920,55.36440349,19.3
010.43106915,55.36440420,19.3
010.43106905,55.36440492,19.3
010.43106890,55.36440565,19.3
010.43106875,55.36440634,19.3
010.43106866,55.36440701,19.3
010.43106848,55.36440771,19.3
010.43106834,55.36440838,19.3
010.43106814,55.36440915,19.3
010.43106796,55.36440987,19.3
010.43106778,55.36441051,19.3
010.43106772,55.36441116,19.3
010.43106761,55.36441184,19.3
010.43106749,55.36441244,19.3
010.43106741,55.36441308,19.3
010.43106729,55.36441374,19.3
010.43106711,55.36441436,19.3
010.43106702,55.36441494,19.3
010.43106697,55.36441557,19.3
010.43106683,55.36441616,19.3
010.43106678,55.36441671,19.3
010.43106671,55.36441724,19.4
010.43106657,55.36441783,19.3
010.43106648,55.36441839,19.3
010.43106650,55.36441889,19.4
010.43106644,55.36441937,19.3
010.43106636,55.36441989,19.3
010.43106642,55.36442040,19.3
010.43106643,55.36442089,19.3
010.43106647,55.36442136,19.3
010.43106651,55.36442184,19.3
010.43106657,55.36442234,19.3
010.43106662,55.36442277,19.3
010.43106678,55.36442317,19.3
010.43106691,55.36442361,19.3
010.43106683,55.36442401,19.3
010.43106694,55.36442441,19.2
010.43106703,55.36442482,19.2
010.43106712,55.36442523,19.2
010.43106710,55.36442563,19.2
010.43106711,55.36442601,19.2
010.43106730,55.36442643,19.2
010.43106735,55.36442687,19.2
010.43106732,55.36442737,19.2
010.43106735,55.36442781,19.2
010.43106733,55.36442834,19.2
010.43106737,55.36442882,19.2
010.43106736,55.36442931,19.2
010.43106728,55.36442979,19.2
010.43106715,55.36443034,19.2
010.43106706,55.36443092,19.1
010.43106708,55.36443148,19.1
010.43106706,55.36443206,19.1
010.43106704,55.36443259,19.1
010.43106708,55.36443326,19.1
010.43106698,55.36443388,19.1
010.43106699,55.36443454,19.1
010.43106706,55.36443528,19.1
010.43106703,55.36443592,19.1
010.43106695,55.36443659,19.1
010.43106710,55.36443732,19.1
010.43106710,55.36443810,19.1
010.43106714,55.36443872,19.1
010.43106718,55.36443946,19.1
010.43106725,55.36444017,19.1
010.43106744,55.36444100,19.1
010.43106751,55.36444174,19.1
010.43106775,55.36444250,19.1
010.43106795,55.36444329,19.1
010.43106816,55.36444405,19.1
010.43106836,55.36444488,19.1
010.43106868,55.36444573,19.1
010.43106890,55.36444651,19.2
010.43106910,55.36444713,19.2
010.43106929,55.36444794,19.2
010.43106959,55.36444868,19.2
010.43106991,55.36444949,19.2
010.43107024,55.36445024,19.2
010.43107058,55.36445103,19.2
010.43107084,55.36445184,19.2
010.43107108,55.36445267,19.2
010.43107143,55.36445344,19.3
010.43107194,55.36445417,19.2
010.43107234,55.36445497,19.2
010.43107265,55.36445571,19.3
010.43107291,55.36445648,19.3
010.43107318,55.36445720,19.3
010.43107347,55.36445794,19.3
010.43107380,55.36445874,19.3
010.43107404,55.36445945,19.3
010.43107434,55.36446021,19.3
010.43107460,55.36446090,19.3
010.43107488,55.36446178,19.3
010.43107525,55.36446231,19.3
010.43107545,55.36446315,19.3
010.43107568,55.36446396,19.3
010.43107606,55.36446469,19.3
010.43107636,55.36446546,19.3
010.43107667,55.36446616,19.3
010.43107696,55.36446685,19.3
010.43107729,55.36446757,19.3
010.43107763,55.36446835,19.3
010.43107791,55.36446911,19.3
010.43107820,55.36446981,19.3
010.43107847,55.36447053,19.3
010.43107876,55.36447123,19.3
010.43107911,55.36447193,19.3
010.43107943,55.36447260,19.3
010.43107956,55.36447331,19.3
010.43107988,55.36447407,19.3
010.43108017,55.36447471,19.3
010.43108053,55.36447539,19.3
010.43108079,55.36447598,19.3
010.43108114,55.36447664,19.2
010.43108139,55.36447727,19.2
010.43108165,55.36447795,19.2
010.43108197,55.36447856,19.2
010.43108228,55.36447916,19.2
010.43108262,55.36447979,19.2
010.43108281,55.36448040,19.2
010.43108323,55.36448090,19.2
010.43108331,55.36448147,19.2
010.43108372,55.36448190,19.2
010.43108405,55.36448236,19.2
010.43108434,55.36448282,19.2
010.43108453,55.36448318,19.1
010.43108479,55.36448364,19.2
010.43108503,55.36448394,19.2
010.43108516,55.36448411,19.1
010.43108535,55.36448430,19.1
010.43108552,55.36448455,19.1
010.43108570,55.36448468,19.1
010.43108580,55.36448482,19.1
010.43108595,55.36448490,19.1
010.43108616,55.36448496,19.1
010.43108624,55.36448487,19.1
010.43108635,55.36448483,19.1
010.43108642,55.36448484,19.1
010.43108650,55.36448476,19.1
010.43108653,55.36448459,19.1
010.43108660,55.36448443,19.1
010.43108660,55.36448421,19.1
010.43108670,55.36448393,19.1
010.43108670,55.36448366,19.1
010.43108668,55.36448335,19.1
010.43108667,55.36448303,19.1
010.43108660,55.36448263,19.1
010.43108656,55.36448221,19.1
010.43108639,55.36448180,19.1
010.43108629,55.36448131,19.1
010.43108612,55.36448079,19.1
010.43108602,55.36448020,19.1
010.43108587,55.36447968,19.1
010.43108584,55.36447907,19.1
010.43108568,55.36447849,19.1
010.43108552,55.36447786,19.1
010.43108544,55.36447723,19.1
010.43108525,55.36447661,19.1
010.43108512,55.36447599,19.1
010.43108487,55.36447538,19.1
010.43108470,55.36447481,19.1
010.43108457,55.36447411,19.1
010.43108446,55.36447343,19.1
010.43108425,55.36447279,19.1
010.43108399,55.36447217,19.1
010.43108376,55.36447145,19.1
010.43108360,55.36447078,19.1
010.43108339,55.36447012,19.1
010.43108328,55.36446941,19.1
010.43108300,55.36446874,19.1
010.43108274,55.36446804,19.0
010.43108250,55.36446732,19.1
010.43108221,55.36446658,19.0
010.43108202,55.36446588,19.0
010.43108176,55.36446513,19.0
010.43108150,55.36446440,19.0
010.43108128,55.36446361,19.0
010.43108109,55.36446287,19.0
010.43108078,55.36446217,19.0
010.43108053,55.36446134,19.0
010.43108029,55.36446055,19.0
010.43108011,55.36445975,19.0
010.43107986,55.36445893,19.0
010.43107957,55.36445815,19.0
010.43107929,55.36445737,19.0
010.43107928,55.36445672,19.0
010.43107898,55.36445594,19.0
010.43107873,55.36445518,19.0
010.43107838,55.36445436,19.0
010.43107796,55.36445346,19.0
010.43107773,55.36445267,19.0
010.43107751,55.36445187,19.0
010.43107735,55.36445124,19.0
010.43107697,55.36445049,19.0
010.43107662,55.36444973,18.9
010.43107618,55.36444888,18.9
010.43107611,55.36444834,19.0
010.43107578,55.36444765,19.0
010.43107535,55.36444676,19.0
010.43107501,55.36444591,18.9
010.43107472,55.36444525,18.9
010.43107428,55.36444449,18.9
010.43107389,55.36444365,18.9
010.43107349,55.36444289,18.9
010.43107309,55.36444214,18.9
010.43107280,55.36444141,18.9
010.43107250,55.36444067,18.9
010.43107219,55.36443996,18.9
010.43107195,55.36443920,18.9
010.43107156,55.36443841,18.9
010.43107124,55.36443766,18.9
010.43107074,55.36443681,18.9
010.43107042,55.36443604,18.9
010.43107016,55.36443517,18.9
010.43107001,55.36443453,18.9
010.43106959,55.36443355,18.9
010.43106925,55.36443267,18.9
010.43106897,55.36443190,18.9
010.43106879,55.36443097,18.9
010.43106856,55.36443005,18.9
010.43106834,55.36442911,18.9
010.43106804,55.36442822,18.9
010.43106778,55.36442733,18.9
010.43106758,55.36442637,18.9
010.43106730,55.36442533,18.9
010.43106703,55.36442431,18.9
010.43106671,55.36442333,18.9
010.43106654,55.36442239,19.0
010.43106629,55.36442138,19.0
010.43106603,55.36442033,19.0
010.43106583,55.36441932,19.0
010.43106562,55.36441820,19.0
010.43106534,55.36441720,19.0
010.43106510,55.36441621,19.0
010.43106483,55.36441517,19.0
010.43106445,55.36441395,19.0
010.43106432,55.36441313,19.0
010.43106410,55.36441216,19.1
010.43106385,55.36441120,19.1
010.43106339,55.36440998,19.0
010.43106340,55.36440921,19.1
010.43106309,55.36440824,19.1
010.43106272,55.36440736,19.1
010.43106243,55.36440644,19.1
010.43106213,55.36440545,19.1
010.43106180,55.36440455,19.1
010.43106160,55.36440382,19.1
010.43106142,55.36440290,19.1
010.43106104,55.36440192,19.2
010.43106068,55.36440104,19.2
010.43106033,55.36440009,19.2
010.43105997,55.36439906,19.2
010.43105967,55.36439813,19.2
010.43105946,55.36439725,19.2
010.43105921,55.36439628,19.2
010.43105905,55.36439536,19.2
010.43105885,55.36439472,19.2
010.43105850,55.36439369,19.1
010.43105858,55.36439306,19.1
010.43105826,55.36439192,19.1
010.43105800,55.36439092,19.1
010.43105790,55.36439011,19.1
010.43105777,55.36438912,19.1
010.43105758,55.36438826,19.1
010.43105752,55.36438723,19.0
010.43105752,55.36438632,19.0
010.43105754,55.36438536,19.0
010.43105775,55.36438467,19.0
010.43105766,55.36438365,19.0
010.43105779,55.36438283,19.0
010.43105767,55.36438177,18.9
010.43105770,55.36438084,18.9
010.43105777,55.36437997,18.9
010.43105791,55.36437893,18.9
010.43105805,55.36437797,18.8
010.43105834,55.36437705,18.8
010.43105855,55.36437610,18.8
010.43105877,55.36437506,18.8
010.43105886,55.36437406,18.8
010.43105905,55.36437313,18.7
010.43105915,55.36437204,18.7
010.43105954,55.36437102,18.7
010.43105980,55.36436991,18.7
010.43106016,55.36436887,18.7
010.43106048,55.36436784,18.7
010.43106079,55.36436676,18.7
010.43106117,55.36436571,18.7
010.43106158,55.36436466,18.7
010.43106198,55.36436356,18.7
010.43106236,55.36436244,18.7
010.43106270,55.36436133,18.6
010.43106311,55.36436026,18.7
010.43106366,55.36435909,18.6
010.43106415,55.36435797,18.7
010.43106439,55.36435678,18.6
010.43106492,55.36435561,18.6
010.43106531,55.36435449,18.6
010.43106575,55.36435320,18.6
010.43106623,55.36435199,18.6
010.43106685,55.36435069,18.6
010.43106750,55.36434948,18.6
010.43106802,55.36434820,18.7
010.43106851,55.36434696,18.7
010.43106914,55.36434566,18.6
010.43106964,55.36434433,18.6
010.43107027,55.36434300,18.6
010.43107101,55.36434172,18.7
010.43107162,55.36434038,18.7
010.43107236,55.36433901,18.7
010.43107310,55.36433764,18.7
010.43107377,55.36433625,18.7
010.43107443,55.36433480,18.7
010.43107536,55.36433348,18.7
010.43107621,55.36433207,18.7
010.43107704,55.36433062,18.7
010.43107798,55.36432906,18.7
010.43107885,55.36432758,18.7
010.43107986,55.36432609,18.7
010.43108087,55.36432460,18.7
010.43108183,55.36432306,18.8
010.43108278,55.36432146,18.8
010.43108392,55.36431988,18.8
010.43108487,55.36431815,18.8
010.43108595,55.36431648,18.8
010.43108707,55.36431478,18.8
010.43108825,55.36431297,18.8
010.43108941,55.36431137,18.8
010.43109059,55.36430947,18.8
010.43109168,55.36430770,18.8
010.43109296,55.36430612,18.9
010.43109423,55.36430444,18.9
010.43109537,55.36430262,18.9
010.43109653,55.36430078,18.9
010.43109783,55.36429886,19.0
010.43109911,55.36429687,18.9
010.43110026,55.36429498,19.0
010.43110163,55.36429311,19.0
010.43110289,55.36429128,19.0
010.43110395,55.36428927,19.0
010.43110514,55.36428726,19.1
010.43110641,55.36428535,19.1
010.43110758,55.36428333,19.1
010.43110867,55.36428124,19.1
010.43110983,55.36427930,19.1
010.43111095,55.36427739,19.1
010.43111216,55.36427540,19.1
010.43111336,55.36427339,19.2
010.43111435,55.36427136,19.2
010.43111536,55.36426942,19.2
010.43111636,55.36426749,19.2
010.43111744,55.36426556,19.3
010.43111865,55.36426362,19.3
010.43111954,55.36426172,19.3
010.43112058,55.36425972,19.3
010.43112161,55.36425774,19.4
010.43112263,55.36425573,19.4
010.43112352,55.36425382,19.4
010.43112466,55.36425183,19.4
010.43112565,55.36424989,19.4
010.43112659,55.36424803,19.5
010.43112754,55.36424595,19.5
010.43112846,55.36424398,19.5
010.43112936,55.36424193,19.5
010.43113031,55.36423998,19.5
010.43113113,55.36423797,19.5
010.43113200,55.36423602,19.6
010.43113278,55.36423394,19.6
010.43113384,55.36423205,19.6
010.43113476,55.36423012,19.6
010.43113566,55.36422812,19.6
010.43113646,55.36422599,19.6
010.43113734,55.36422399,19.7
010.43113810,55.36422187,19.7
010.43113887,55.36421981,19.7
010.43113972,55.36421778,19.7
010.43114047,55.36421594,19.7
010.43114127,55.36421390,19.7
010.43114192,55.36421185,19.7
010.43114260,55.36420984,19.7
010.43114328,55.36420781,19.8
010.43114383,55.36420583,19.8
010.43114441,55.36420386,19.8
010.43114517,55.36420184,19.8
010.43114584,55.36419985,19.8
010.43114644,55.36419794,19.8
010.43114708,55.36419601,19.8
010.43114782,55.36419407,19.8
010.43114844,55.36419209,19.8
010.43114915,55.36419017,19.8
010.43114988,55.36418826,19.8
010.43115046,55.36418633,19.8
010.43115118,55.36418443,19.8
010.43115192,55.36418256,19.9
010.43115257,55.36418065,19.9
010.43115328,55.36417870,19.9
010.43115392,55.36417680,19.9
010.43115459,55.36417489,19.9
010.43115528,55.36417300,19.9
010.43115595,55.36417123,19.9
010.43115659,55.36416943,19.9
010.43115731,55.36416757,19.9
010.43115802,55.36416581,19.9
010.43115872,55.36416399,19.9
010.43115947,55.36416227,20.0
010.43116030,55.36416059,20.0
010.43116116,55.36415888,20.0
010.43116206,55.36415720,20.0
010.43116300,55.36415557,20.0
010.43116398,55.36415403,20.0
010.43116503,55.36415248,20.0
010.43116608,55.36415087,20.0
010.43116724,55.36414932,20.0
010.43116833,55.36414794,20.0
010.43116968,55.36414644,20.0
010.43117110,55.36414503,20.0
010.43117243,55.36414359,20.0
010.43117381,55.36414227,20.0
010.43117544,55.36414088,20.0
010.43117701,55.36413957,20.0
010.43117857,55.36413831,20.0
010.43118021,55.36413713,20.0
010.43118195,55.36413580,20.0
010.43118361,55.36413457,20.0
010.43118524,55.36413329,20.0
010.43118701,55.36413208,20.0
010.43118868,55.36413082,20.0
010.43119037,55.36412965,20.0
010.43119219,55.36412862,20.0
010.43119390,55.36412727,20.0
010.43119559,55.36412606,20.0
010.43119740,55.36412488,19.9
010.43119942,55.36412361,19.9
010.43120130,55.36412247,19.9
010.43120307,55.36412140,19.9
010.43120504,55.36412024,19.9
010.43120686,55.36411900,19.9
010.43120884,55.36411784,19.9
010.43121076,55.36411666,19.9
010.43121266,55.36411548,19.9
010.43121474,55.36411434,19.8
010.43121676,55.36411321,19.8
010.43121883,55.36411204,19.8
010.43122093,55.36411091,19.9
010.43122295,55.36410972,19.9
010.43122488,55.36410851,19.9
010.43122689,55.36410738,19.9
010.43122877,55.36410620,19.9
010.43123068,55.36410491,19.8
010.43123265,55.36410370,19.8
010.43123461,55.36410246,19.8
010.43123647,55.36410130,19.8
010.43123830,55.36410023,19.8
010.43124006,55.36409915,19.8
010.43124179,55.36409797,19.7
010.43124345,55.36409697,19.7
010.43124518,55.36409595,19.8
010.43124678,55.36409493,19.8
010.43124832,55.36409391,19.8
010.43124972,55.36409296,19.8
010.43125100,55.36409201,19.8
010.43125242,55.36409111,19.8
010.43125377,55.36409025,19.8
010.43125495,55.36408941,19.8
010.43125623,55.36408866,19.8
010.43125733,55.36408782,19.8
010.43125850,55.36408709,19.8
010.43125955,55.36408628,19.8
010.43126072,55.36408563,19.8
010.43126175,55.36408484,19.8
010.43126263,55.36408423,19.9
010.43126353,55.36408347,19.8
010.43126457,55.36408288,19.9
010.43126532,55.36408221,19.9
010.43126603,55.36408160,19.9
010.43126684,55.36408102,19.9
010.43126742,55.36408041,19.9
010.43126794,55.36407979,19.9
010.43126854,55.36407951,20.0
010.43126909,55.36407898,19.9
010.43126943,55.36407854,19.9
010.43126988,55.36407805,20.0
010.43127024,55.36407771,20.0
010.43127063,55.36407737,20.0
010.43127097,55.36407715,20.0
010.43127115,55.36407687,20.1
010.43127130,55.36407657,20.1
010.43127142,55.36407617,20.1
010.43127197,55.36407559,20.1
010.43127213,55.36407537,20.2
010.43127201,55.36407522,20.1
010.43127224,55.36407510,20.2
010.43127240,55.36407491,20.2
010.43127247,55.36407486,20.2
010.43127265,55.36407478,20.2
010.43127298,55.36407468,20.3
010.43127309,55.36407479,20.3
010.43127310,55.36407487,20.3
010.43127364,55.36407490,20.4
010.43127356,55.36407511,20.4
010.43127365,55.36407542,20.4
010.43127397,55.36407581,20.4
010.43127443,55.36407625,20.5
010.43127449,55.36407666,20.5
010.43127453,55.36407711,20.5
010.43127464,55.36407777,20.5
010.43127486,55.36407852,20.6
010.43127495,55.36407916,20.6
010.43127508,55.36408008,20.6
010.43127537,55.36408096,20.7
010.43127559,55.36408189,20.7
010.43127582,55.36408288,20.8
010.43127589,55.36408416,20.8
010.43127632,55.36408524,20.8
010.43127633,55.36408651,20.9
010.43127637,55.36408776,20.9
010.43127673,55.36408911,20.9
010.43127686,55.36409074,21.0
010.43127699,55.36409232,21.0
010.43127704,55.36409394,21.1
010.43127744,55.36409559,21.1
010.43127754,55.36409728,21.2
010.43127755,55.36409895,21.2
010.43127763,55.36410076,21.2
010.43127779,55.36410269,21.3
010.43127786,55.36410464,21.3
010.43127815,55.36410652,21.4
010.43127829,55.36410841,21.4
010.43127841,55.36411015,21.5
010.43127861,55.36411231,21.5
010.43127878,55.36411415,21.6
010.43127878,55.36411622,21.6
010.43127875,55.36411801,21.7
010.43127912,55.36412009,21.7
010.43127927,55.36412218,21.8
010.43127937,55.36412426,21.9
010.43127947,55.36412619,21.9
010.43127973,55.36412833,22.0
010.43127981,55.36413044,22.0
010.43128000,55.36413232,22.1
010.43128020,55.36413457,22.1
010.43128058,55.36413657,22.2
010.43128071,55.36413872,22.2
010.43128074,55.36414093,22.3
010.43128106,55.36414302,22.4
010.43128114,55.36414500,22.4
010.43128131,55.36414719,22.4
010.43128155,55.36414931,22.5
010.43128202,55.36415166,22.6
010.43128234,55.36415379,22.6
010.43128221,55.36415564,22.6
010.43128252,55.36415783,22.6
010.43128290,55.36415992,22.7
010.43128311,55.36416215,22.7
010.43128339,55.36416428,22.8
010.43128342,55.36416647,22.7
010.43128374,55.36416863,22.8
010.43128400,55.36417069,22.8
010.43128426,55.36417289,22.8
010.43128475,55.36417508,22.9
010.43128491,55.36417734,22.9
010.43128503,55.36417943,23.0
010.43128517,55.36418162,23.0
010.43128566,55.36418387,23.0
010.43128579,55.36418586,23.0
010.43128570,55.36418780,23.0
010.43128585,55.36419002,23.1
010.43128637,55.36419241,23.1
010.43128665,55.36419490,23.2
010.43128693,55.36419704,23.2
010.43128697,55.36419912,23.2
010.43128740,55.36420128,23.3
010.43128731,55.36420328,23.2
010.43128750,55.36420555,23.3
010.43128793,55.36420791,23.3
010.43128806,55.36420986,23.4
010.43128823,55.36421205,23.4
010.43128829,55.36421429,23.4
010.43128838,55.36421640,23.4
010.43128882,55.36421879,23.5
010.43128894,55.36422091,23.5
010.43128926,55.36422326,23.5
010.43128935,55.36422525,23.5
010.43128979,55.36422763,23.5
010.43128987,55.36422975,23.5
010.43129001,55.36423196,23.5
010.43129013,55.36423414,23.6
010.43129020,55.36423620,23.6
010.43129039,55.36423833,23.6
010.43129062,55.36424050,23.6
010.43129077,55.36424277,23.6
010.43129091,55.36424497,23.6
010.43129112,55.36424715,23.7
010.43129134,55.36424931,23.7
010.43129150,55.36425143,23.7
010.43129161,55.36425350,23.7
010.43129179,55.36425578,23.7
010.43129194,55.36425799,23.7
010.43129204,55.36426008,23.7
010.43129215,55.36426220,23.7
010.43129226,55.36426437,23.7
010.43129239,55.36426655,23.7
010.43129254,55.36426867,23.7
010.43129254,55.36427078,23.7
010.43129269,55.36427294,23.7
010.43129275,55.36427510,23.7
010.43129286,55.36427723,23.7
010.43129294,55.36427935,23.7
010.43129300,55.36428154,23.7
010.43129311,55.36428367,23.7
010.43129313,55.36428579,23.7
010.43129321,55.36428793,23.7
010.43129320,55.36429007,23.7
010.43129320,55.36429218,23.6
010.43129328,55.36429432,23.7
010.43129321,55.36429648,23.6
010.43129331,55.36429866,23.6
010.43129324,55.36430083,23.6
010.43129333,55.36430307,23.6
010.43129340,55.36430517,23.6
010.43129341,55.36430730,23.6
010.43129339,55.36430941,23.6
010.43129329,55.36431153,23.6
010.43129330,55.36431366,23.5
010.43129322,55.36431574,23.5
010.43129320,55.36431791,23.5
010.43129330,55.36432015,23.5
010.43129330,55.36432232,23.4
010.43129325,55.36432449,23.4
010.43129321,55.36432659,23.5
010.43129312,55.36432867,23.4
010.43129320,55.36433082,23.4
010.43129321,55.36433285,23.4
010.43129307,55.36433500,23.4
010.43129305,55.36433704,23.4
010.43129312,55.36433905,23.3
010.43129301,55.36434102,23.3
010.43129304,55.36434301,23.3
010.43129310,55.36434497,23.3
010.43129298,55.36434678,23.2
010.43129293,55.36434860,23.3
010.43129286,55.36435050,23.2
010.43129313,55.36435245,23.2
010.43129305,55.36435402,23.2
010.43129315,55.36435569,23.2
010.43129314,55.36435733,23.1
010.43129312,55.36435891,23.1
010.43129310,55.36436046,23.1
010.43129315,55.36436201,23.0
010.43129321,55.36436372,23.1
010.43129334,55.36436510,23.0
010.43129337,55.36436653,23.0
010.43129324,55.36436786,23.0
010.43129321,55.36436925,23.0
010.43129332,55.36437052,22.9
010.43129345,55.36437173,22.9
010.43129349,55.36437284,22.9
010.43129352,55.36437409,22.9
010.43129364,55.36437524,22.9
010.43129366,55.36437609,22.8
010.43129369,55.36437716,22.7
010.43129366,55.36437814,22.7
010.43129372,55.36437917,22.7
010.43129369,55.36438019,22.7
010.43129371,55.36438114,22.7
010.43129370,55.36438202,22.6
010.43129359,55.36438281,22.6
010.43129357,55.36438360,22.6
010.43129360,55.36438435,22.6
010.43129357,55.36438517,22.5
010.43129357,55.36438581,22.5
010.43129350,55.36438647,22.5
010.43129361,55.36438728,22.5
010.43129345,55.36438800,22.5
010.43129327,55.36438871,22.5
010.43129330,55.36438940,22.4
010.43129327,55.36439008,22.4
010.43129305,55.36439058,22.3
010.43129304,55.36439118,22.3
010.43129302,55.36439177,22.3
010.43129304,55.36439242,22.3
010.43129293,55.36439298,22.3
010.43129271,55.36439356,22.3
010.43129265,55.36439402,22.2
010.43129262,55.36439452,22.2
010.43129261,55.36439506,22.2
010.43129236,55.36439548,22.1
010.43129210,55.36439586,22.1
010.43129208,55.36439645,22.1
010.43129194,55.36439698,22.0
010.43129169,55.36439741,22.0
010.43129166,55.36439782,22.0
010.43129147,55.36439824,22.0
010.43129136,55.36439867,22.0
010.43129123,55.36439907,21.9
010.43129109,55.36439945,21.9
010.43129101,55.36439991,21.9
010.43129076,55.36440031,21.8
010.43129050,55.36440059,21.8
010.43129027,55.36440091,21.8
010.43129011,55.36440119,21.8
010.43128998,55.36440153,21.8
010.43128986,55.36440181,21.8
010.43128980,55.36440207,21.8
010.43128965,55.36440228,21.8
010.43128961,55.36440250,21.8
010.43128960,55.36440279,21.8
010.43128957,55.36440301,21.8
010.43128962,55.36440322,21.8
010.43128968,55.36440340,21.8
010.43128989,55.36440364,21.7
010.43129001,55.36440382,21.7
010.43129019,55.36440398,21.7
010.43129043,55.36440420,21.8
010.43129072,55.36440419,21.7
010.43129094,55.36440438,21.7
010.43129135,55.36440473,21.7
010.43129151,55.36440468,21.7
010.43129178,55.36440477,21.7
010.43129217,55.36440489,21.7
010.43129290,55.36440519,21.7
010.43129327,55.36440499,21.7
010.43129388,55.36440489,21.7
010.43129443,55.36440496,21.7
010.43129513,55.36440500,21.7
010.43129558,55.36440489,21.6
010.43129639,55.36440485,21.6
010.43129713,55.36440472,21.6
010.43129788,55.36440462,21.6
010.43129848,55.36440444,21.6
010.43129943,55.36440433,21.6
010.43130014,55.36440413,21.6
010.43130067,55.36440396,21.6
010.43130112,55.36440356,21.5
010.43130134,55.36440324,21.5
010.43130172,55.36440300,21.5
010.43130202,55.36440259,21.5
010.43130217,55.36440235,21.5
010.43130211,55.36440212,21.5
010.43130161,55.36440183,21.4
010.43130150,55.36440146,21.5
010.43130103,55.36440108,21.4
010.43130031,55.36440099,21.4
010.43129950,55.36440041,21.4
010.43129859,55.36440008,21.4
010.43129755,55.36439982,21.4
010.43129632,55.36439959,21.4
010.43129501,55.36439933,21.4
010.43129349,55.36439912,21.3
010.43129221,55.36439913,21.4
010.43129054,55.36439897,21.4
010.43128876,55.36439882,21.4
010.43128689,55.36439868,21.3
010.43128495,55.36439862,21.3
010.43128313,55.36439861,21.4
010.43128110,55.36439850,21.4
010.43127901,55.36439839,21.3
010.43127697,55.36439831,21.3
010.43127516,55.36439832,21.4
010.43127304,55.36439826,21.4
010.43127098,55.36439819,21.4
010.43126883,55.36439801,21.4
010.43126670,55.36439799,21.3
010.43126460,55.36439793,21.3
010.43126246,55.36439783,21.3
010.43126029,55.36439776,21.3
010.43125806,55.36439767,21.3
010.43125585,55.36439760,21.3
010.43125363,55.36439754,21.3
010.43125142,55.36439747,21.3
010.43124921,55.36439744,21.3
010.43124689,55.36439737,21.3
010.43124466,55.36439729,21.3
010.43124241,55.36439721,21.3
010.43124012,55.36439712,21.3
010.43123779,55.36439697,21.2
010.43123553,55.36439688,21.2
010.43123333,55.36439680,21.3
010.43123112,55.36439664,21.3
010.43122871,55.36439654,21.2
010.43122647,55.36439642,21.2
010.43122413,55.36439629,21.2
010.43122195,55.36439600,21.2
010.43121960,55.36439593,21.2
010.43121729,55.36439577,21.2
010.43121510,55.36439561,21.2
010.43121273,55.36439540,21.2
010.43121048,55.36439524,21.2
010.43120840,55.36439509,21.2
010.43120607,55.36439487,21.2
010.43120397,55.36439464,21.1
010.43120159,55.36439442,21.1
010.43119927,55.36439418,21.1
010.43119692,55.36439394,21.1
010.43119460,55.36439372,21.1
010.43119232,55.36439358,21.0
010.43119002,55.36439339,21.0
010.43118768,55.36439321,21.0
010.43118535,55.36439299,21.0
010.43118275,55.36439277,21.0
010.43118050,55.36439257,20.9
010.43117798,55.36439237,20.9
010.43117553,55.36439218,20.9
010.43117305,55.36439198,20.9
010.43117058,55.36439180,20.9
010.43116814,55.36439161,20.9
010.43116551,55.36439143,20.8
010.43116284,55.36439110,20.8
010.43116020,55.36439091,20.8
010.43115764,55.36439068,20.8
010.43115520,55.36439061,20.8
010.43115257,55.36439056,20.8
010.43114965,55.36439046,20.7
010.43114713,55.36439035,20.7
010.43114445,55.36439018,20.7
010.43114172,55.36439006,20.7
010.43113901,55.36438991,20.6
010.43113618,55.36438979,20.6
010.43113344,55.36438966,20.6
010.43113059,55.36438953,20.6
010.43112789,55.36438945,20.5
010.43112518,55.36438933,20.5
010.43112246,55.36438922,20.5
010.43111982,55.36438908,20.5
010.43111712,55.36438900,20.5
010.43111450,55.36438894,20.5
010.43111200,55.36438897,20.5
010.43110918,55.36438872,20.4
010.43110666,55.36438877,20.5
010.43110396,55.36438863,20.4
010.43110129,55.36438860,20.4
010.43109841,55.36438837,20.4
010.43109578,55.36438823,20.4
010.43109312,55.36438809,20.4
010.43109047,55.36438803,20.4
010.43108794,55.36438789,20.4
010.43108528,55.36438782,20.4
010.43108256,55.36438762,20.3
010.43108015,55.36438745,20.4
010.43107732,55.36438743,20.3
010.43107463,55.36438729,20.3
010.43107196,55.36438722,20.3
010.43106939,55.36438704,20.3
010.43106671,55.36438691,20.3
010.43106400,55.36438675,20.3
010.43106132,55.36438660,20.3
010.43105870,55.36438649,20.3
010.43105603,55.36438641,20.3
010.43105336,55.36438626,20.3
010.43105072,55.36438616,20.2
010.43104808,55.36438601,20.2
010.43104547,55.36438593,20.2
010.43104275,55.36438571,20.2
010.43104014,55.36438560,20.2
010.43103757,55.36438550,20.2
010.43103494,55.36438532,20.2
010.43103228,55.36438523,20.2
010.43102971,55.36438512,20.2
010.43102728,55.36438499,20.2
010.43102455,55.36438482,20.2
010.43102201,55.36438466,20.2
010.43101932,55.36438449,20.2
010.43101669,55.36438435,20.2
010.43101404,55.36438425,20.2
010.43101141,55.36438409,20.1
010.43100879,55.36438395,20.1
010.43100615,55.36438383,20.1
010.43100352,55.36438370,20.1
010.43100084,55.36438356,20.1
010.43099818,55.36438332,20.1
010.43099559,55.36438317,20.1
010.43099292,55.36438307,20.1
010.43099014,55.36438293,20.1
010.43098744,55.36438276,20.1
010.43098477,55.36438263,20.1
010.43098220,55.36438248,20.1
010.43097948,55.36438221,20.1
010.43097702,55.36438215,20.1
010.43097439,55.36438201,20.2
010.43097178,55.36438187,20.2
010.43096921,55.36438167,20.1
010.43096646,55.36438144,20.1
010.43096400,55.36438133,20.1
010.43096140,55.36438115,20.1
010.43095877,55.36438100,20.1
010.43095620,55.36438084,20.1
010.43095356,55.36438062,20.2
010.43095104,55.36438046,20.2
010.43094833,55.36438031,20.2
010.43094582,55.36438009,20.2
010.43094323,55.36437999,20.2
010.43094056,55.36437973,20.2
010.43093785,55.36437947,20.2
010.43093510,55.36437919,20.2
010.43093254,55.36437912,20.2
010.43092995,55.36437880,20.2
010.43092727,55.36437860,20.2
010.43092451,55.36437833,20.2
010.43092199,55.36437799,20.2
010.43091934,55.36437779,20.3
010.43091648,55.36437763,20.2
010.43091383,55.36437731,20.3
010.43091115,55.36437711,20.3
010.43090835,55.36437697,20.3
010.43090557,55.36437678,20.3
010.43090280,55.36437646,20.3
010.43090009,55.36437628,20.3
010.43089728,55.36437596,20.3
010.43089457,55.36437572,20.3
010.43089185,55.36437546,20.3
010.43088942,55.36437513,20.3
010.43088686,55.36437499,20.4
010.43088441,55.36437469,20.4
010.43088205,55.36437461,20.4
010.43087971,55.36437420,20.4
010.43087748,55.36437394,20.4
010.43087567,55.36437389,20.4
010.43087374,55.36437391,20.5
010.43087195,55.36437376,20.5
010.43087032,55.36437374,20.5
010.43086882,55.36437372,20.5
010.43086724,55.36437357,20.5
010.43086594,55.36437353,20.5
010.43086480,55.36437370,20.5
010.43086369,55.36437368,20.5
010.43086267,55.36437370,20.5
010.43086172,55.36437378,20.5
010.43086098,55.36437382,20.5
010.43086019,55.36437400,20.5
010.43085957,55.36437428,20.5
010.43085905,55.36437444,20.5
010.43085858,55.36437462,20.5
010.43085815,55.36437485,20.4
010.43085771,55.36437499,20.4
010.43085731,55.36437529,20.3
010.43085726,55.36437559,20.3
010.43085736,55.36437580,20.2
010.43085751,55.36437620,20.2
010.43085801,55.36437663,20.2
010.43085846,55.36437705,20.2
010.43085910,55.36437737,20.2
010.43085992,55.36437771,20.1
010.43086076,55.36437812,20.1
010.43086210,55.36437850,20.1
010.43086346,55.36437894,20.1
010.43086491,55.36437939,20.1
010.43086648,55.36437994,20.1
010.43086816,55.36438036,20.1
010.43087005,55.36438084,20.2
010.43087205,55.36438146,20.2
010.43087427,55.36438193,20.2
010.43087657,55.36438241,20.2
010.43087916,55.36438288,20.2
010.43088171,55.36438320,20.2
010.43088473,55.36438370,20.4
010.43088756,55.36438414,20.4
010.43089050,55.36438476,20.4
010.43089376,55.36438498,20.5
010.43089661,55.36438557,20.6
010.43089992,55.36438605,20.6
010.43090302,55.36438643,20.6
010.43090644,55.36438681,20.7
010.43090975,55.36438707,20.8
010.43091296,55.36438767,20.8
010.43091623,55.36438813,20.9
010.43091970,55.36438859,20.9
010.43092305,55.36438893,21.0
010.43092642,55.36438933,21.0
010.43092987,55.36438967,21.1
010.43093338,55.36439011,21.2
010.43093678,55.36439041,21.2
010.43094027,55.36439084,21.2
010.43094390,55.36439114,21.3
010.43094741,55.36439146,21.3
010.43095088,55.36439177,21.4
010.43095441,55.36439209,21.4
010.43095784,55.36439229,21.5
010.43096155,55.36439261,21.5
010.43096517,55.36439297,21.6
010.43096874,55.36439324,21.7
010.43097231,55.36439339,21.7
010.43097572,55.36439364,21.7
010.43097948,55.36439385,21.8
010.43098307,55.36439418,21.9
010.43098681,55.36439436,21.9
010.43099029,55.36439473,21.9
010.43099380,55.36439473,21.9
010.43099763,55.36439493,22.0
010.43100125,55.36439503,22.0
010.43100473,55.36439531,22.1
010.43100855,55.36439545,22.2
010.43101216,55.36439561,22.2
010.43101576,55.36439573,22.2
010.43101939,55.36439571,22.2
010.43102294,55.36439589,22.3
010.43102657,55.36439604,22.3
010.43103031,55.36439608,22.3
010.43103363,55.36439635,22.3
010.43103740,55.36439653,22.4
010.43104103,55.36439667,22.4
010.43104471,55.36439663,22.4
010.43104829,55.36439679,22.4
010.43105179,55.36439689,22.4
010.43105541,55.36439698,22.4
010.43105920,55.36439707,22.4
010.43106280,55.36439719,22.5
010.43106647,55.36439734,22.5
010.43107016,55.36439746,22.5
010.43107385,55.36439756,22.5
010.43107754,55.36439765,22.5
010.43108113,55.36439781,22.5
010.43108480,55.36439796,22.5
010.43108842,55.36439819,22.5
010.43109203,55.36439825,22.5
010.43109565,55.36439833,22.5
010.43109927,55.36439853,22.4
010.43110289,55.36439873,22.4
010.43110654,55.36439895,22.4
010.43111008,55.36439889,22.4
010.43111376,55.36439911,22.4
010.43111758,55.36439941,22.4
010.43112090,55.36439926,22.3
010.43112462,55.36439939,22.4
010.43112812,55.36439957,22.3
010.43113167,55.36439973,22.3
010.43113520,55.36439988,22.3
010.43113884,55.36439994,22.3
010.43114245,55.36440007,22.2
010.43114601,55.36440018,22.2
010.43114956,55.36440033,22.2
010.43115310,55.36440042,22.2
010.43115664,55.36440055,22.2
010.43115999,55.36440052,22.1
010.43116352,55.36440056,22.1
010.43116695,55.36440062,22.0
010.43117014,55.36440066,22.0
010.43117344,55.36440065,22.0
010.43117701,55.36440081,21.9
010.43118031,55.36440086,21.9
010.43118360,55.36440072,21.9
010.43118672,55.36440091,21.9
010.43118993,55.36440098,21.8
010.43119299,55.36440094,21.7
010.43119601,55.36440110,21.7
010.43119896,55.36440113,21.7
010.43120195,55.36440111,21.6
010.43120494,55.36440117,21.6
010.43120752,55.36440129,21.5
010.43121022,55.36440122,21.4
010.43121292,55.36440130,21.4
010.43121556,55.36440141,21.4
010.43121801,55.36440135,21.3
010.43122054,55.36440146,21.3
010.43122285,55.36440137,21.2
010.43122492,55.36440140,21.1
010.43122747,55.36440150,21.1
010.43122955,55.36440144,21.0
010.43123158,55.36440145,20.9
010.43123373,55.36440152,20.9
010.43123571,55.36440154,20.8
010.43123755,55.36440144,20.7
010.43123947,55.36440150,20.7
010.43124121,55.36440147,20.7
010.43124277,55.36440150,20.6
010.43124430,55.36440151,20.6
010.43124598,55.36440138,20.6
010.43124753,55.36440131,20.5
010.43124894,55.36440136,20.5
010.43125021,55.36440130,20.4
010.43125161,55.36440129,20.4
010.43125300,55.36440126,20.3
010.43125442,55.36440124,20.3
010.43125556,55.36440108,20.2
010.43125688,55.36440120,20.2
010.43125797,55.36440123,20.1
010.43125910,55.36440123,20.1
010.43126019,55.36440113,20.0
010.43126126,55.36440106,20.0
010.43126210,55.36440111,19.9
010.43126322,55.36440126,19.9
010.43126423,55.36440135,19.9
010.43126517,55.36440134,19.8
010.43126604,55.36440142,19.9
010.43126694,55.36440156,19.8
010.43126781,55.36440163,19.8
010.43126854,55.36440174,19.8
010.43126920,55.36440177,19.8
010.43126994,55.36440191,19.7
010.43127069,55.36440206,19.7
010.43127142,55.36440216,19.7
010.43127211,55.36440238,19.7
010.43127276,55.36440258,19.7
010.43127350,55.36440279,19.7
010.43127400,55.36440294,19.7
010.43127466,55.36440316,19.7
010.43127516,55.36440329,19.7
010.43127579,55.36440342,19.7
010.43127640,55.36440357,19.7
010.43127693,55.36440376,19.7
010.43127736,55.36440398,19.7
010.43127791,55.36440420,19.7
010.43127829,55.36440441,19.7
010.43127873,55.36440458,19.7
010.43127917,55.36440477,19.7
010.43127959,55.36440495,19.7
010.43127996,55.36440506,19.7
010.43128041,55.36440530,19.7
010.43128084,55.36440547,19.7
010.43128133,55.36440563,19.7
010.43128185,55.36440572,19.7
010.43128243,55.36440572,19.7
010.43128301,55.36440587,19.7
010.43128366,55.36440601,19.8
010.43128425,55.36440613,19.7
010.43128504,55.36440624,19.8
010.43128584,55.36440638,19.8
010.43128674,55.36440652,19.8
010.43128771,55.36440662,19.8
010.43128875,55.36440657,19.8
010.43128972,55.36440664,19.9
010.43129080,55.36440671,19.9
010.43129168,55.36440660,19.9
010.43129264,55.36440654,19.9
010.43129357,55.36440651,20.0
010.43129453,55.36440639,20.0
010.43129556,55.36440621,20.0
010.43129653,55.36440589,20.0
010.43129731,55.36440570,20.0
010.43129814,55.36440533,20.0
010.43129904,55.36440510,20.0
010.43129979,55.36440473,20.0
010.43130050,55.36440429,20.0
010.43130126,55.36440378,20.0
010.43130186,55.36440332,20.1
010.43130219,55.36440284,20.1
010.43130280,55.36440214,20.1
010.43130316,55.36440155,20.1
010.43130309,55.36440106,20.1
010.43130326,55.36440055,20.1
010.43130337,55.36439995,20.1
010.43130336,55.36439920,20.1
010.43130310,55.36439862,20.1
010.43130282,55.36439805,20.1
010.43130259,55.36439748,20.1
010.43130201,55.36439700,20.1
010.43130151,55.36439649,20.1
010.43130085,55.36439598,20.1
010.43130021,55.36439558,20.1
010.43129949,55.36439519,20.1
010.43129874,55.36439482,20.1
010.43129813,55.36439444,20.1
010.43129736,55.36439431,20.0
010.43129649,55.36439400,20.0
010.43129590,55.36439390,20.0
010.43129522,55.36439373,20.0
010.43129478,55.36439354,20.0
010.43129428,55.36439344,20.0
010.43129374,55.36439334,19.9
010.43129320,55.36439343,20.0
010.43129288,55.36439330,19.9
010.43129240,55.36439325,19.9
010.43129207,55.36439319,19.9
010.43129184,55.36439316,19.9
010.43129168,55.36439320,19.8
010.43129151,55.36439326,19.8
010.43129135,55.36439327,19.8
010.43129113,55.36439334,19.8
010.43129104,55.36439343,19.8
010.43129089,55.36439349,19.8
010.43129078,55.36439359,19.8
010.43129083,55.36439366,19.8
010.43129063,55.36439387,19.8
010.43129077,55.36439382,19.8
010.43129062,55.36439409,19.8
010.43129059,55.36439427,19.8
010.43129052,55.36439449,19.7
010.43129065,55.36439464,19.8
010.43129061,55.36439499,19.7
010.43129066,55.36439536,19.7
010.43129073,55.36439565,19.8
010.43129082,55.36439603,19.7
010.43129079,55.36439638,19.7
010.43129088,55.36439684,19.8
010.43129085,55.36439733,19.7
010.43129094,55.36439782,19.8
010.43129098,55.36439831,19.8
010.43129101,55.36439876,19.7
010.43129104,55.36439927,19.7
010.43129115,55.36439975,19.8
010.43129114,55.36440023,19.7
010.43129129,55.36440079,19.8
010.43129133,55.36440128,19.8
010.43129137,55.36440175,19.8
010.43129146,55.36440223,19.8
010.43129149,55.36440273,19.8
010.43129151,55.36440323,19.8
010.43129161,55.36440371,19.8
010.43129168,55.36440424,19.9
010.43129175,55.36440475,19.9
010.43129175,55.36440529,19.9
010.43129178,55.36440582,19.9
010.43129198,55.36440630,20.0
010.43129196,55.36440691,20.0
010.43129219,55.36440744,20.0
010.43129245,55.36440800,20.0
010.43129250,55.36440853,20.0
010.43129264,55.36440907,20.0
010.43129281,55.36440957,20.0
010.43129321,55.36441025,20.0
010.43129329,55.36441077,20.0
010.43129351,55.36441134,20.0
010.43129376,55.36441188,20.0
010.43129405,55.36441241,20.1
010.43129442,55.36441299,20.1
010.43129474,55.36441360,20.1
010.43129521,55.36441412,20.1
010.43129550,55.36441459,20.1
010.43129592,55.36441523,20.2
010.43129633,55.36441572,20.1
010.43129687,55.36441617,20.2
010.43129739,55.36441662,20.2
010.43129780,55.36441721,20.3
010.43129828,55.36441759,20.3
010.43129864,55.36441818,20.2
010.43129913,55.36441875,20.2
010.43129954,55.36441925,20.2
010.43130013,55.36441978,20.3
010.43130069,55.36442023,20.3
010.43130120,55.36442067,20.3
010.43130157,55.36442109,20.3
010.43130209,55.36442152,20.3
010.43130244,55.36442192,20.3
010.43130283,55.36442242,20.3
010.43130323,55.36442277,20.3
010.43130376,55.36442313,20.2
010.43130405,55.36442360,20.2
010.43130448,55.36442402,20.2
010.43130493,55.36442436,20.2
010.43130536,55.36442467,20.2
010.43130568,55.36442497,20.1
010.43130592,55.36442530,20.1
010.43130626,55.36442569,20.0
010.43130682,55.36442599,20.0
010.43130733,55.36442641,20.0
010.43130775,55.36442669,19.9
010.43130796,55.36442701,19.9
010.43130861,55.36442757,19.9
010.43130920,55.36442788,19.9
010.43130978,55.36442805,19.9
010.43131053,55.36442830,19.8
010.43131122,55.36442865,19.8
010.43131173,55.36442900,19.7
010.43131226,55.36442938,19.7
010.43131295,55.36442977,19.7
010.43131346,55.36443008,19.7
010.43131430,55.36443045,19.7
010.43131488,55.36443082,19.7
010.43131557,55.36443114,19.6
010.43131624,55.36443152,19.6
010.43131682,55.36443191,19.6
010.43131735,55.36443212,19.5
010.43131795,55.36443252,19.5
010.43131848,55.36443315,19.5
010.43131925,55.36443338,19.5
010.43131976,55.36443386,19.5
010.43132038,55.36443419,19.5
010.43132091,55.36443453,19.4
010.43132137,55.36443508,19.4
010.43132187,55.36443548,19.3
010.43132240,55.36443591,19.3
010.43132282,55.36443629,19.2
010.43132337,55.36443673,19.2
010.43132404,55.36443738,19.2
010.43132470,55.36443791,19.2
010.43132516,55.36443832,19.1
010.43132571,55.36443886,19.1
010.43132639,55.36443948,19.1
010.43132684,55.36443996,19.0
010.43132735,55.36444049,19.0
010.43132784,55.36444075,18.9
010.43132851,55.36444122,18.9
010.43132916,55.36444195,18.9
010.43132982,55.36444239,18.8
010.43133030,55.36444263,18.8
010.43133092,55.36444303,18.7
010.43133147,55.36444347,18.7
010.43133202,55.36444392,18.7
010.43133251,55.36444430,18.6
010.43133335,55.36444498,18.6
010.43133353,55.36444507,18.6
010.43133415,55.36444529,18.6
010.43133463,55.36444565,18.5
010.43133520,55.36444598,18.5
010.43133566,55.36444631,18.4
010.43133620,55.36444650,18.4
010.43133660,55.36444697,18.4
010.43133714,55.36444724,18.4
010.43133765,55.36444751,18.4
010.43133820,55.36444776,18.4
010.43133870,55.36444797,18.3
010.43133900,55.36444815,18.3
010.43133947,55.36444844,18.2
010.43133999,55.36444870,18.2
010.43134048,55.36444906,18.2
010.43134094,55.36444923,18.2
010.43134138,55.36444935,18.2
010.43134163,55.36444959,18.2
010.43134218,55.36444990,18.1
010.43134252,55.36445012,18.1
010.43134298,55.36445030,18.0
010.43134348,55.36445055,18.0
010.43134385,55.36445069,18.0
010.43134427,55.36445094,18.0
010.43134480,55.36445121,18.0
010.43134514,55.36445157,17.9
010.43134551,55.36445162,17.9
010.43134600,55.36445176,17.9
010.43134630,55.36445214,17.8
010.43134683,55.36445255,17.8
010.43134723,55.36445273,17.7
010.43134774,55.36445297,17.7
010.43134816,55.36445310,17.7
010.43134868,55.36445344,17.7
010.43134911,55.36445362,17.7
010.43134960,55.36445400,17.6
010.43135001,55.36445433,17.6
010.43135051,55.36445466,17.6
010.43135089,55.36445490,17.5
010.43135128,55.36445518,17.5
010.43135175,55.36445543,17.5
010.43135239,55.36445582,17.5
010.43135292,55.36445609,17.4
010.43135367,55.36445634,17.5
010.43135404,55.36445675,17.4
010.43135448,55.36445697,17.4
010.43135484,55.36445722,17.4
010.43135537,55.36445751,17.4
010.43135578,55.36445777,17.3
010.43135626,55.36445804,17.3
010.43135668,55.36445827,17.2
010.43135718,55.36445842,17.3
010.43135733,55.36445856,17.2
010.43135799,55.36445884,17.2
010.43135845,55.36445902,17.2
010.43135878,55.36445927,17.2
010.43135907,55.36445947,17.1
010.43135930,55.36445954,17.0
010.43136003,55.36445987,17.1
010.43136050,55.36445981,17.1
010.43136096,55.36446003,17.0
010.43136136,55.36446040,17.0
010.43136163,55.36446051,16.9
010.43136200,55.36446068,16.9
010.43136263,55.36446072,16.9
010.43136317,55.36446099,16.9
010.43136367,55.36446115,16.8
010.43136416,55.36446159,16.9
010.43136434,55.36446141,16.7
010.43136509,55.36446148,16.8
010.43136543,55.36446182,16.7
010.43136617,55.36446195,16.7
010.43136652,55.36446202,16.7
010.43136674,55.36446215,16.7
010.43136722,55.36446208,16.6
010.43136764,55.36446211,16.6
010.43136797,55.36446226,16.6
010.43136836,55.36446260,16.6
010.43136862,55.36446260,16.6
010.43136885,55.36446246,16.5
010.43136919,55.36446256,16.5
010.43136934,55.36446257,16.5
010.43136958,55.36446257,16.5
010.43136977,55.36446252,16.5
010.43136990,55.36446252,16.5
010.43137000,55.36446270,16.5
010.43137007,55.36446253,16.4
010.43137023,55.36446255,16.4
010.43137046,55.36446254,16.4
010.43137061,55.36446251,16.4
010.43137081,55.36446241,16.4
010.43137097,55.36446237,16.4
010.43137097,55.36446229,16.4
010.43137104,55.36446226,16.4
010.43137108,55.36446216,16.3
010.43137115,55.36446211,16.3
010.43137127,55.36446213,16.3
010.43137139,55.36446209,16.3
010.43137146,55.36446206,16.3
010.43137166,55.36446204,16.3
010.43137186,55.36446210,16.3
010.43137214,55.36446218,16.3
010.43137227,55.36446227,16.3
010.43137255,55.36446233,16.3
010.43137286,55.36446242,16.4
010.43137308,55.36446245,16.3
010.43137345,55.36446263,16.4
010.43137399,55.36446289,16.4
010.43137436,55.36446310,16.3
010.43137483,55.36446330,16.3
010.43137528,55.36446341,16.3
010.43137588,55.36446361,16.4
010.43137644,55.36446387,16.4
010.43137700,55.36446419,16.4
010.43137754,55.36446438,16.3
010.43137815,55.36446462,16.3
010.43137866,55.36446493,16.3
010.43137932,55.36446526,16.3
010.43137993,55.36446531,16.3
010.43138056,55.36446569,16.3
010.43138105,55.36446589,16.3
010.43138169,55.36446622,16.3
010.43138229,55.36446678,16.3
010.43138289,55.36446705,16.3
010.43138354,55.36446757,16.4
010.43138406,55.36446760,16.3
010.43138469,55.36446806,16.3
010.43138515,55.36446831,16.3
010.43138579,55.36446849,16.3
010.43138640,55.36446886,16.3
010.43138684,55.36446919,16.3
010.43138730,55.36446938,16.3
010.43138773,55.36446970,16.3
010.43138819,55.36446991,16.3
010.43138860,55.36447015,16.2
010.43138900,55.36447038,16.2
010.43138948,55.36447067,16.2
010.43138996,55.36447083,16.2
010.43139042,55.36447124,16.1
010.43139084,55.36447126,16.0
010.43139112,55.36447136,16.1
010.43139159,55.36447145,16.0
010.43139216,55.36447166,16.0
010.43139260,55.36447197,16.0
010.43139313,55.36447210,16.0
010.43139352,55.36447217,15.9
010.43139394,55.36447219,15.9
010.43139437,55.36447223,15.9
010.43139498,55.36447245,15.9
010.43139546,55.36447245,15.8
010.43139587,55.36447237,15.8
010.43139645,55.36447257,15.8
010.43139689,55.36447258,15.8
010.43139740,55.36447238,15.8
010.43139785,55.36447239,15.8
010.43139824,55.36447234,15.7
010.43139892,55.36447238,15.7
010.43139933,55.36447212,15.7
010.43139982,55.36447234,15.7
010.43140019,55.36447243,15.7
010.43140086,55.36447205,15.6
010.43140106,55.36447177,15.6
010.43140149,55.36447171,15.5
010.43140198,55.36447205,15.6
010.43140233,55.36447212,15.6
010.43140267,55.36447170,15.5
010.43140294,55.36447169,15.5
010.43140313,55.36447163,15.5
010.43140378,55.36447154,15.4
010.43140403,55.36447155,15.4
010.43140430,55.36447124,15.4
010.43140465,55.36447141,15.3
010.43140538,55.36447159,15.3
010.43140521,55.36447131,15.3
010.43140534,55.36447123,15.3
010.43140536,55.36447110,15.2
010.43140558,55.36447131,15.3
010.43140541,55.36447139,15.2
010.43140615,55.36447133,15.3
010.43140612,55.36447145,15.2
010.43140589,55.36447142,15.3
010.43140603,55.36447141,15.2
010.43140619,55.36447140,15.2
010.43140607,55.36447125,15.3
010.43140617,55.36447138,15.2
010.43140611,55.36447131,15.3
010.43140615,55.36447138,15.2
010.43140610,55.36447135,15.3
010.43140612,55.36447133,15.3
010.43140621,55.36447138,15.2
010.43140607,55.36447128,15.3
010.43140616,55.36447140,15.2
010.43140608,55.36447145,15.3
010.43140612,55.36447134,15.3
010.43140614,55.36447139,15.2
010.43140611,55.36447140,15.2
010.43140616,55.36447140,15.2
010.43140618,55.36447141,15.2
010.43140618,55.36447141,15.2
010.43140615,55.36447140,15.2
010.43140619,55.36447140,15.2
010.43140609,55.36447141,15.2
010.43140608,55.36447141,15.2
010.43140613,55.36447143,15.2
010.43140611,55.36447142,15.2
010.43140613,55.36447139,15.2
010.43140610,55.36447142,15.2
010.43140610,55.36447140,15.2
010.43140613,55.36447141,15.2
010.43140616,55.36447140,15.2
010.43140616,55.36447139,15.2
010.43140615,55.36447139,15.2
010.43140614,55.36447140,15.2
010.43140611,55.36447140,15.2
010.43140612,55.36447140,15.2
010.43140614,55.36447139,15.2
010.43140616,55.36447140,15.2
010.43140617,55.36447142,15.2
010.43140616,55.36447143,15.2
010.43140609,55.36447141,15.2
010.43140607,55.36447139,15.2
010.43140612,55.36447140,15.2
010.43140615,55.36447142,15.2
010.43140611,55.36447143,15.2
010.43140614,55.36447143,15.2
010.43140609,55.36447139,15.2
010.43140612,55.36447139,15.2
010.43140613,55.36447143,15.2
010.43140613,55.36447142,15.2
010.43140611,55.36447141,15.2
010.43140611,55.36447140,15.2
010.43140616,55.36447142,15.2
010.43140615,55.36447142,15.2
010.43140612,55.36447144,15.2
010.43140613,55.36447143,15.2
010.43140612,55.36447143,15.2
010.43140616,55.36447142,15.2
010.43140617,55.36447142,15.2
010.43140616,55.36447142,15.2
010.43140612,55.36447142,15.2
010.43140612,55.36447141,15.2
010.43140610,55.36447136,15.2
010.43140607,55.36447142,15.2
010.43140604,55.36447139,15.2
010.43140609,55.36447140,15.2
010.43140608,55.36447140,15.2
010.43140611,55.36447139,15.2
010.43140605,55.36447138,15.2
010.43140606,55.36447136,15.2
010.43140611,55.36447138,15.2
010.43140615,55.36447141,15.2
010.43140610,55.36447140,15.2
010.43140609,55.36447139,15.2
010.43140615,55.36447138,15.2
010.43140613,55.36447138,15.2
010.43140611,55.36447138,15.2
010.43140612,55.36447142,15.2
010.43140609,55.36447139,15.2
010.43140609,55.36447138,15.2
010.43140612,55.36447138,15.2
010.43140613,55.36447139,15.2
010.43140608,55.36447139,15.2
010.43140608,55.36447141,15.2
010.43140614,55.36447140,15.2
010.43140613,55.36447138,15.2
010.43140611,55.36447139,15.2
010.43140611,55.36447141,15.2
010.43140611,55.36447140,15.2
010.43140615,55.36447141,15.2
010.43140610,55.36447142,15.2
010.43140614,55.36447141,15.2
010.43140608,55.36447140,15.2
010.43140613,55.36447142,15.2
010.43140613,55.36447141,15.2
010.43140610,55.36447142,15.2
010.43140611,55.36447138,15.2
010.43140613,55.36447140,15.2
010.43140609,55.36447140,15.2
010.43140611,55.36447139,15.2
010.43140610,55.36447140,15.2
010.43140611,55.36447141,15.2
010.43140609,55.36447143,15.2
010.43140608,55.36447139,15.2
010.43140610,55.36447138,15.2
010.43140609,55.36447139,15.2
010.43140611,55.36447142,15.2
010.43140609,55.36447145,15.2
010.43140610,55.36447142,15.2
010.43140610,55.36447142,15.3
010.43140609,55.36447137,15.2
010.43140608,55.36447139,15.2
010.43140606,55.36447140,15.2
010.43140606,55.36447142,15.2
010.43140612,55.36447141,15.2
010.43140611,55.36447141,15.2
010.43140611,55.36447141,15.2
010.43140611,55.36447142,15.2
010.43140609,55.36447143,15.2
010.43140610,55.36447141,15.2
010.43140611,55.36447140,15.2
010.43140613,55.36447138,15.2
010.43140612,55.36447141,15.2
010.43140607,55.36447141,15.2
010.43140612,55.36447142,15.2
010.43140610,55.36447141,15.2
010.43140610,55.36447140,15.2
010.43140612,55.36447141,15.2
010.43140612,55.36447143,15.2
010.43140612,55.36447143,15.2
010.43140608,55.36447144,15.2
010.43140612,55.36447144,15.2
010.43140613,55.36447143,15.2
010.43140611,55.36447140,15.2
010.43140609,55.36447139,15.2
010.43140609,55.36447139,15.2
010.43140612,55.36447139,15.2
010.43140615,55.36447141,15.2
010.43140615,55.36447143,15.2
010.43140609,55.36447142,15.2
010.43140610,55.36447144,15.2
010.43140607,55.36447139,15.2
010.43140612,55.36447138,15.2
010.43140614,55.36447140,15.2
010.43140609,55.36447139,15.2
010.43140610,55.36447141,15.2
010.43140610,55.36447144,15.2
010.43140605,55.36447143,15.2
010.43140605,55.36447141,15.2
010.43140604,55.36447138,15.2
010.43140606,55.36447138,15.2
010.43140604,55.36447140,15.2
010.43140607,55.36447139,15.2
010.43140609,55.36447141,15.3
010.43140609,55.36447139,15.2
010.43140608,55.36447141,15.2
010.43140607,55.36447141,15.2
010.43140607,55.36447137,15.2
010.43140607,55.36447138,15.2
010.43140610,55.36447140,15.2
010.43140608,55.36447142,15.2
010.43140605,55.36447142,15.2
010.43140610,55.36447142,15.2
010.43140610,55.36447144,15.2
010.43140611,55.36447142,15.2
010.43140611,55.36447139,15.2
010.43140612,55.36447143,15.2
010.43140609,55.36447141,15.2
010.43140610,55.36447143,15.2
010.43140611,55.36447143,15.2
010.43140610,55.36447139,15.3
010.43140611,55.36447138,15.2
010.43140609,55.36447138,15.2
010.43140610,55.36447140,15.2
010.43140613,55.36447139,15.2
010.43140613,55.36447137,15.2
010.43140616,55.36447139,15.2
010.43140612,55.36447142,15.3
010.43140607,55.36447140,15.3
010.43140611,55.36447140,15.2
010.43140612,55.36447140,15.2
010.43140612,55.36447137,15.2
010.43140610,55.36447135,15.2
010.43140612,55.36447136,15.2
010.43140611,55.36447135,15.2
010.43140611,55.36447134,15.2
010.43140608,55.36447135,15.2
010.43140606,55.36447136,15.2
010.43140611,55.36447140,15.2
010.43140612,55.36447137,15.2
010.43140612,55.36447139,15.2
010.43140609,55.36447137,15.2
010.43140610,55.36447139,15.3
010.43140612,55.36447139,15.2
010.43140613,55.36447138,15.2
010.43140610,55.36447137,15.2
010.43140611,55.36447135,15.2
010.43140610,55.36447131,15.2
010.43140611,55.36447131,15.2
010.43140619,55.36447133,15.2
010.43140617,55.36447135,15.2
010.43140614,55.36447138,15.2
010.43140616,55.36447141,15.2
010.43140617,55.36447138,15.3
010.43140608,55.36447145,15.3
010.43140608,55.36447140,15.2
010.43140610,55.36447146,15.2
010.43140615,55.36447131,15.2
010.43140616,55.36447135,15.2
010.43140616,55.36447133,15.2
010.43140615,55.36447129,15.2
010.43140615,55.36447126,15.2
010.43140609,55.36447136,15.2
010.43140616,55.36447141,15.2
010.43140605,55.36447144,15.3
010.43140617,55.36447142,15.2
010.43140615,55.36447159,15.2
010.43140619,55.36447146,15.2
010.43140614,55.36447161,15.3
010.43140601,55.36447149,15.3
010.43140608,55.36447147,15.3
010.43140596,55.36447153,15.3
010.43140589,55.36447140,15.2
010.43140650,55.36447128,15.2
010.43140592,55.36447130,15.2
010.43140596,55.36447134,15.2
010.43140591,55.36447132,15.2
010.43140572,55.36447142,15.3
010.43140582,55.36447152,15.3
010.43140590,55.36447161,15.3
010.43140353,55.36446949,15.2
010.43140267,55.36446892,15.1
010.43140264,55.36446894,15.2
010.43140406,55.36447000,15.2
010.43140420,55.36447012,15.2
010.43140402,55.36446988,15.2
010.43140348,55.36446956,15.2
010.43140346,55.36446949,15.2
010.43140360,55.36446961,15.2
010.43140371,55.36446968,15.2
010.43140429,55.36447002,15.2
010.43140415,55.36446994,15.2
010.43140436,55.36447009,15.2
010.43140432,55.36447002,15.2
010.43140434,55.36447004,15.2
010.43140457,55.36447025,15.2
010.43140452,55.36447022,15.2
010.43140466,55.36447029,15.2
010.43140426,55.36447000,15.2
010.43140430,55.36447002,15.2
010.43140461,55.36447017,15.2
010.43140448,55.36447009,15.2
010.43140495,55.36447053,15.2
010.43140448,55.36447015,15.2
010.43140440,55.36447002,15.2
010.43140473,55.36447028,15.2
010.43140481,55.36447040,15.2
010.43140387,55.36446963,15.2
010.43140448,55.36447007,15.2
010.43140458,55.36447009,15.2
010.43140511,55.36447062,15.2
010.43140470,55.36447031,15.2
010.43140517,55.36447064,15.2
010.43140420,55.36446994,15.2
010.43140463,55.36447025,15.2
010.43140504,55.36447061,15.2
010.43140495,55.36447046,15.2
010.43140514,55.36447059,15.2
010.43140504,55.36447053,15.2
010.43140499,55.36447053,15.2
010.43140474,55.36447032,15.2
010.43140469,55.36447028,15.2
010.43140485,55.36447044,15.2
010.43140461,55.36447019,15.2
010.43140479,55.36447036,15.2
010.43140460,55.36447021,15.2
010.43140396,55.36446975,15.2
010.43140468,55.36447028,15.2
</coordinates>
</LineString>
</Placemark>
</Document>
</kml>